Strike,Date,Village/local area,District,Province,Type of attack,Reportedly drone?,US confirmed?,US only source?,"Counter-
terrorism, force protection or strategic effects?",Reported target group?,Time,Reported target type,Minimum strikes,Maximum strikes,Minimum total people killed,Maximum total people killed,Minimum civilians reported killed,Maximum civilians reported killed,Minimum children reported killed,Maximum children reported killed,Minimum reported injured,Maximum reported injured,Strike link,Timeline URL,Index
AFG001,01/01/2015,Unknown,Spera,Khost,US strike,0,1,1,FP,-,-,-,1,1,0,0,0,0,0,0,0,0,http://www.thebureauinvestigates.com/2015/02/12/us-drone-war-afghanistan-list-american-air-strikes-2015/#77,http://www.thebureauinvestigates.com/2015/02/12/us-drone-war-afghanistan-list-american-air-strikes-2015/#,77
AFG002,03/01/2015,Unknown,Gayan,Paktika,US strike,0,0,0,-,-,Early morning/late evening,Convoy,1,1,18,18,0,0,0,0,0,0,http://www.thebureauinvestigates.com/2015/02/12/us-drone-war-afghanistan-list-american-air-strikes-2015/#3,,3
AFG003,03/01/2015,Unknown,Spera,Khost,US strike,0,1,0,FP,Haqqani,Early morning,Convoy,1,1,7,7,0,0,0,0,0,0,http://www.thebureauinvestigates.com/2015/02/12/us-drone-war-afghanistan-list-american-air-strikes-2015/#4,,4
AFG004,06/01/2015,Unknown,Dara I Pech,Kunar,US strike,0,1,1,-,-,-,-,1,1,0,0,0,0,0,0,0,0,http://www.thebureauinvestigates.com/2015/02/12/us-drone-war-afghanistan-list-american-air-strikes-2015/#120,,120
AFG005,07/01/2015,Unknown,Unknown,Logar,US strike,1,0,0,-,-,-,-,1,1,3,3,0,0,0,0,0,0,http://www.thebureauinvestigates.com/2015/02/12/us-drone-war-afghanistan-list-american-air-strikes-2015/#5,,5
AFG006,08/01/2015,Chikanawr,Lal Pura,Nangarhar,US strike,1,0,0,-,Insurgents,Late at night,Compound,1,1,6,6,0,0,0,0,3,3,http://www.thebureauinvestigates.com/2015/02/12/us-drone-war-afghanistan-list-american-air-strikes-2015/#6,,6
AFG007,11/01/2015,Chikanawr,Lal Pura,Nangarhar,US strike,1,0,0,-,Taliban,Morning,-,1,1,8,8,0,0,0,0,3,3,http://www.thebureauinvestigates.com/2015/02/12/us-drone-war-afghanistan-list-american-air-strikes-2015/#78,,78
AFG008,16/01/2015,Unknown,Nazyan,Nangarhar,US strike,1,0,1,-,-,-,-,1,1,3,3,0,0,0,0,0,0,http://www.thebureauinvestigates.com/2015/02/12/us-drone-war-afghanistan-list-american-air-strikes-2015/#7,,7
AFG009,17/01/2015,Unknown,Lal Pura,Nangarhar,US strike,0,1,1,-,-,-,-,1,1,0,0,0,0,0,0,0,0,http://www.thebureauinvestigates.com/2015/02/12/us-drone-war-afghanistan-list-american-air-strikes-2015/#121,,121
AFG010,19/01/2015,Unknown,Khugyani,Nangarhar,US strike,0,1,1,-,-,-,-,1,1,0,0,0,0,0,0,0,0,http://www.thebureauinvestigates.com/2015/02/12/us-drone-war-afghanistan-list-american-air-strikes-2015/#122,,122
AFG011,08/02/2015,Azankarez,Kajak,Helmand,US strike,1,1,0,FP,ISIS,-,-,1,1,6,8,0,0,0,0,0,0,http://www.thebureauinvestigates.com/2015/02/12/us-drone-war-afghanistan-list-american-air-strikes-2015/#1,,1
AFG012,10/02/2015,Unknown,Khas Kunar,Kunar,US strike,1,1,0,FP,Taliban - Khorasan Group / ISIS,-,"
-",1,1,2,2,0,0,0,0,0,0,http://www.thebureauinvestigates.com/2015/02/12/us-drone-war-afghanistan-list-american-air-strikes-2015/#8,,8
AFG013,11/02/2015,Unknown,Nazyan,Nangarhar,US strike,0,1,0,FP,TTP,-,Compound,1,1,2,9,0,0,0,0,0,0,http://www.thebureauinvestigates.com/2015/02/12/us-drone-war-afghanistan-list-american-air-strikes-2015/#9,,9
AFG014,18/02/2015,Fathi Khani,Khogyani,Nangarhar,US strike,1,0,0,-,Taliban,Afternoon,-,1,1,8,8,0,0,0,0,0,0,http://www.thebureauinvestigates.com/2015/02/12/us-drone-war-afghanistan-list-american-air-strikes-2015/#79,,79
AFG015,02/03/2015,Unknown,Alishir,Khost,US strike,1,0,0,-,-,Unknown,-,1,1,1,1,0,1,0,0,0,0,http://www.thebureauinvestigates.com/2015/02/12/us-drone-war-afghanistan-list-american-air-strikes-2015/#80,,80
AFG016,10/03/2015,Mamond,Achin,Nangarhar,US strike,0,1,0,FP,Taliban,-,Corolla vehicle,1,1,6,6,0,0,0,0,0,0,http://www.thebureauinvestigates.com/2015/02/12/us-drone-war-afghanistan-list-american-air-strikes-2015/#81,,81
AFG017,11/03/2015,Unknown,Sarakani,Kunar,US strike,0,1,1,-,-,-,-,1,1,0,0,0,0,0,0,0,0,http://www.thebureauinvestigates.com/2015/02/12/us-drone-war-afghanistan-list-american-air-strikes-2015/#124,,124
AFG018,13/03/2015,Unknown,Lal Pura,Nangarhar,US strike,1,1,0,FP,Taliban,-,-,1,1,0,0,0,0,0,0,0,0,http://www.thebureauinvestigates.com/2015/02/12/us-drone-war-afghanistan-list-american-air-strikes-2015/#82,,82
AFG019,18/03/2015,Unknown,Chinar Khor,Kunar,US strike,0,1,1,-,-,-,-,1,1,0,0,0,0,0,0,1,1,http://www.thebureauinvestigates.com/2015/02/12/us-drone-war-afghanistan-list-american-air-strikes-2015/#126,,126
AFG020,23/03/2015,Unknown,Nazyan,Nangarhar,US strike,1,1,0,FP,"Lashkar e Islam, TTP and Abdullah Azam Brigade",-,Hideout,1,1,9,13,0,0,0,0,0,0,http://www.thebureauinvestigates.com/2015/02/12/us-drone-war-afghanistan-list-american-air-strikes-2015/#10,,10
AFG021,24/03/2015,Unknown,Unknown,Kunar,US strike,1,0,0,-,TTP,-,-,1,1,11,11,0,0,0,0,0,0,http://www.thebureauinvestigates.com/2015/02/12/us-drone-war-afghanistan-list-american-air-strikes-2015/#11,,11
AFG022,25/03/2015,Unknown,Sia Gird,Parwan,US strike,0,1,1,-,-,-,-,1,1,0,0,0,0,0,0,0,0,http://www.thebureauinvestigates.com/2015/02/12/us-drone-war-afghanistan-list-american-air-strikes-2015/#127,,127
AFG023,26/03/2015,Unknown,Zurmat,Paktia,US strike,0,1,1,-,-,-,-,1,1,0,0,0,0,0,0,1,1,http://www.thebureauinvestigates.com/2015/02/12/us-drone-war-afghanistan-list-american-air-strikes-2015/#128,,128
AFG024,12/04/2015,Unknown,Dara I Pech,Kunar,US strike,1,1,0,FP,Taliban,5.30am,Hideouts,1,1,3,3,0,0,0,0,0,0,http://www.thebureauinvestigates.com/2015/02/12/us-drone-war-afghanistan-list-american-air-strikes-2015/#13,,13
AFG025,28/04/2015,Degal,Chapa Darre,Kunar,US strike,1,1,0,FP,Taliban,-,-,1,1,3,3,0,0,0,0,0,0,http://www.thebureauinvestigates.com/2015/02/12/us-drone-war-afghanistan-list-american-air-strikes-2015/#14,,14
AFG026,03/05/2015,Unknown,Mohmand Dara,Nangarhar,US strike,1,1,0,FP,Taliban,1700,Convoy,1,1,12,12,0,0,0,0,0,0,http://www.thebureauinvestigates.com/2015/02/12/us-drone-war-afghanistan-list-american-air-strikes-2015/#15,,15
AFG027,04/05/2015,"Dabili, Landi Basawal area",Mohmand Dara,Nangarhar,US strike,1,1,0,FP,Taliban,Night,Hideout,1,1,17,17,0,0,0,0,0,0,http://www.thebureauinvestigates.com/2015/02/12/us-drone-war-afghanistan-list-american-air-strikes-2015/#16,,16
AFG028,07/05/2015,Unknown,Khas Khar,Kunar,US strike,1,0,0,-,Insurgents,-,Vehicle,1,1,6,7,0,1,0,1,0,0,http://www.thebureauinvestigates.com/2015/02/12/us-drone-war-afghanistan-list-american-air-strikes-2015/#17,,17
AFG029,07/05/2015,Unknown,Goshti,Nangarhar,US strike,1,1,0,FP,"""Rebels""",Late,Vehicle,1,1,4,4,0,0,0,0,0,0,http://www.thebureauinvestigates.com/2015/02/12/us-drone-war-afghanistan-list-american-air-strikes-2015/#18,,18
AFG030,09/05/2015,Machi Megi,Lal Pura,Nangarhar,US strike,1,1,0,FP,Taliban,-,Hideout,1,1,13,13,0,0,0,0,0,0,http://www.thebureauinvestigates.com/2015/02/12/us-drone-war-afghanistan-list-american-air-strikes-2015/#19,,19
AFG031,14/05/2015,Unknown,"Bati Kot
",Nangarhar,US strike,1,1,0,Possible CT,Taliban,Night,Vehicle,1,1,4,4,0,0,0,0,1,1,http://www.thebureauinvestigates.com/2015/02/12/us-drone-war-afghanistan-list-american-air-strikes-2015/#20,,20
AFG032,15/05/2015,"Various: Chahardahi in Bati Kot, Bandar Darah in Dur Baba, Murdai in Achin","Various: Nazyan, Bati Kot, Bandar Darah, Dur Baba, Achin",Nangarhar,US strike,1,1,0,FP,Taliban,Night,Vehicles and at least one hideout,4,4,5,41,0,0,0,0,0,0,http://www.thebureauinvestigates.com/2015/02/12/us-drone-war-afghanistan-list-american-air-strikes-2015/#21,,21
AFG033,21/05/2015,Katar village,Watapor,Kunar,US strike,1,1,0,FP,Taliban,"Evening
",-,1,1,4,5,0,0,0,0,0,0,http://www.thebureauinvestigates.com/2015/02/12/us-drone-war-afghanistan-list-american-air-strikes-2015/#22,,22
AFG034,27/05/2015,Unknown,Want Waigal,Nuristan,US strike,1,1,0,FP,Taliban,-,-,1,1,5,5,0,0,0,0,0,0,http://www.thebureauinvestigates.com/2015/02/12/us-drone-war-afghanistan-list-american-air-strikes-2015/#23,,23
AFG035,28/05/2015,Unknown,Watapor,Kunar,US strike,1,1,0,FP,Taliban,-,-,1,1,1,1,0,0,0,0,0,0,http://www.thebureauinvestigates.com/2015/02/12/us-drone-war-afghanistan-list-american-air-strikes-2015/#24,,24
AFG036,31/05/2015,Unknown,Baraki Barak,Logar,US strike,0,1,0,-,-,-,-,1,1,2,3,0,3,0,2,0,0,http://www.thebureauinvestigates.com/2015/02/12/us-drone-war-afghanistan-list-american-air-strikes-2015/#130,,130
AFG037,03/06/2015,Shogam area,Shigal,Kunar,US strike,1,1,0,FP,"-
",Night,Hideout,1,1,3,6,0,0,0,0,0,0,http://www.thebureauinvestigates.com/2015/02/12/us-drone-war-afghanistan-list-american-air-strikes-2015/#25,,25
AFG038,04/06/2015,Unknown,Achin,Nangarhar,US strike,1,1,0,FP,Taliban,1830,Hideout,1,1,1,1,0,0,0,0,0,0,http://www.thebureauinvestigates.com/2015/02/12/us-drone-war-afghanistan-list-american-air-strikes-2015/#26,,26
AFG039,04/06/2015,Unknown,Chapahar,Nangarhar,US strike,1,1,0,FP,Taliban,Late,Vehicle,1,1,6,6,0,1,0,0,0,0,http://www.thebureauinvestigates.com/2015/02/12/us-drone-war-afghanistan-list-american-air-strikes-2015/#27,,27
AFG040,04/06/2015,Unknown,Chapahar,Nangarhar,US strike,1,0,0,-,Taliban,Late,Two vehicles,1,1,11,11,0,0,0,0,0,0,http://www.thebureauinvestigates.com/2015/02/12/us-drone-war-afghanistan-list-american-air-strikes-2015/#28,,28
AFG041,05/06/2015,Ali Shir,Tere Zayi,Khost,US strike,1,1,0,CT,Taliban,-,Two vehicles,1,1,14,14,14,14,0,0,0,0,http://www.thebureauinvestigates.com/2015/02/12/us-drone-war-afghanistan-list-american-air-strikes-2015/#29,,29
AFG042,07/06/2015,Unknown,Chapa Dara,Kunar,US strike,1,1,0,FP,Taliban,Evening,Hideout,1,1,1,1,0,0,0,0,0,0,http://www.thebureauinvestigates.com/2015/02/12/us-drone-war-afghanistan-list-american-air-strikes-2015/#30,,30
AFG043,08/06/2015,Samso,Lal Pura,Nangarhar,US strike,1,1,0,FP,Taliban / ISIS,-,Hideout,1,1,7,7,0,5,0,5,0,0,http://www.thebureauinvestigates.com/2015/02/12/us-drone-war-afghanistan-list-american-air-strikes-2015/#31,,31
AFG044,08/06/2015,Unknown,Lal Pura,Nangarhar,US strike,1,0,0,-,Insurgents,-,Vehicle,1,1,3,3,0,0,0,0,0,0,http://www.thebureauinvestigates.com/2015/02/12/us-drone-war-afghanistan-list-american-air-strikes-2015/#32,,32
AFG045,11/06/2015,Maroufkhil,Khushamand,Paktika,US strike,1,0,0,-,Arabs making bombs for Taliban,08:00,"Unclear - they were reportedly making bombs so could be hideout but possibly a ""gathering"" as vehicles destroyed.",1,1,30,30,0,0,0,0,0,0,http://www.thebureauinvestigates.com/2015/02/12/us-drone-war-afghanistan-list-american-air-strikes-2015/#33,,33
AFG046,11/06/2015,Jarkani,Yousufkhil,Paktika,US strike,1,0,0,-,Insurgents,-,A motorcylce,1,1,2,2,0,0,0,0,0,0,http://www.thebureauinvestigates.com/2015/02/12/us-drone-war-afghanistan-list-american-air-strikes-2015/#34,,34
AFG047,14/06/2015,Unknown,Dangam,Kunar,US strike,1,1,0,FP,Taliban,-,Up to three buildings - house,1,1,7,15,0,5,0,5,0,0,http://www.thebureauinvestigates.com/2015/02/12/us-drone-war-afghanistan-list-american-air-strikes-2015/#35,,35
AFG048,15/06/2015,Unknown,Chak e Wardak,Wardak,US strike,0,1,1,-,-,-,-,1,1,2,2,2,2,0,0,0,0,http://www.thebureauinvestigates.com/2015/02/12/us-drone-war-afghanistan-list-american-air-strikes-2015/#131,,131
AFG049,18/06/2015,Unknown,Chazi Abad,Kunar,US strike,0,1,1,-,-,-,-,1,1,0,0,0,0,0,0,0,0,http://www.thebureauinvestigates.com/2015/02/12/us-drone-war-afghanistan-list-american-air-strikes-2015/#132,,132
AFG050,19/06/2015,Unknown,Mohmand Dara,Nangarhar,US strike,1,0,0,-,-,1000,Two vehicles,1,1,8,8,0,0,0,0,0,0,http://www.thebureauinvestigates.com/2015/02/12/us-drone-war-afghanistan-list-american-air-strikes-2015/#36,,36
AFG051,19/06/2015,Kamar Kandaw,Haska Meena,Nangarhar,US strike,1,0,0,-,-,Afternoon,On foot,1,1,4,7,0,0,0,0,0,0,http://www.thebureauinvestigates.com/2015/02/12/us-drone-war-afghanistan-list-american-air-strikes-2015/#37,,37
AFG052,20/06/2015,Unknown,"Kanish
",Nuristan,US strike,1,0,0,-,TTP,Late at night,Hideouts,1,1,4,9,0,0,0,0,0,0,http://www.thebureauinvestigates.com/2015/02/12/us-drone-war-afghanistan-list-american-air-strikes-2015/#39,,39
AFG053,21/06/2015,Barikaab Dab,Bati Kot,Nangarhar,US strike,1,1,0,-,-,1730,-,1,1,6,7,0,0,0,0,0,0,http://www.thebureauinvestigates.com/2015/02/12/us-drone-war-afghanistan-list-american-air-strikes-2015/#38,,38
AFG054,26/06/2015,"Unknown
",Unknown,Nuristan,US strike,0,1,1,FP,-,Night,-,1,1,6,6,0,0,0,0,0,0,http://www.thebureauinvestigates.com/2015/02/12/us-drone-war-afghanistan-list-american-air-strikes-2015/#40,,40
AFG055,27/06/2015,"Unknown
",Unknown,Paktika,US strike,1,1,0,FP,AQ,Night,-,1,1,1,1,0,0,0,0,0,0,http://www.thebureauinvestigates.com/2015/02/12/us-drone-war-afghanistan-list-american-air-strikes-2015/#41,,41
AFG056,27/06/2015,Mardish,Want Waigal,Nuristan,US strike,1,0,0,-,Taliban,Night,Hideouts,1,1,5,5,0,0,0,0,3,3,http://www.thebureauinvestigates.com/2015/02/12/us-drone-war-afghanistan-list-american-air-strikes-2015/#42,,42
AFG057,30/06/2015,Machi Megi,Lal Pura,Nangarhar,US strike,1,0,0,-,Taliban,Night,Hideouts,1,1,4,14,0,0,0,0,12,12,http://www.thebureauinvestigates.com/2015/02/12/us-drone-war-afghanistan-list-american-air-strikes-2015/#43,,43
AFG058,04/07/2015,Unknown,Ghanikhel,Nangarhar,US strike,1,0,0,-,Taliban,-,-,1,1,12,12,0,0,0,0,0,0,http://www.thebureauinvestigates.com/2015/02/12/us-drone-war-afghanistan-list-american-air-strikes-2015/#44,,44
AFG059,04/07/2015,Unknown,Chappa Dara,Kunar,US strike,1,0,0,-,TTP,-,-,1,1,1,1,0,0,0,0,0,0,http://www.thebureauinvestigates.com/2015/02/12/us-drone-war-afghanistan-list-american-air-strikes-2015/#45,,45
AFG060,04/07/2015,Unknown,Dara I Pech,Nangarhar,US strike,0,1,1,-,-,-,-,1,1,0,0,0,0,0,0,0,0,http://www.thebureauinvestigates.com/2015/02/12/us-drone-war-afghanistan-list-american-air-strikes-2015/#173,,173
AFG061,05/07/2015,Unknown,Chaparhar,Nangarhar,US strike,1,0,0,-,Taliban,-,Hideouts,1,1,3,3,0,0,0,0,0,0,http://www.thebureauinvestigates.com/2015/02/12/us-drone-war-afghanistan-list-american-air-strikes-2015/#46,,46
AFG062,06/07/2015,Unknown,Achin,Nangarhar,US strike,1,1,0,FP,ISIS,Noon,"-
",1,1,12,12,0,0,0,0,0,0,http://www.thebureauinvestigates.com/2015/02/12/us-drone-war-afghanistan-list-american-air-strikes-2015/#47,,47
AFG063,06/07/2015,Unknown,Achin,Nangarhar,US strike,1,1,0,FP,ISIS,1400,-,1,1,13,37,0,0,0,0,0,0,http://www.thebureauinvestigates.com/2015/02/12/us-drone-war-afghanistan-list-american-air-strikes-2015/#48,,48
AFG064,07/07/2015,Unknown,Achin,Nangarhar,US strike,1,1,0,FP,ISIS,-,-,1,1,11,49,0,0,0,0,0,4,http://www.thebureauinvestigates.com/2015/02/12/us-drone-war-afghanistan-list-american-air-strikes-2015/#49,,49
AFG065,07/07/2015,Unknown,Achin,Nangarhar,US strike,1,0,0,-,ISIS,-,-,1,1,18,18,0,0,0,0,0,0,http://www.thebureauinvestigates.com/2015/02/12/us-drone-war-afghanistan-list-american-air-strikes-2015/#50,,50
AFG066,07/07/2015,Unknown,Haska Meena,Nangarhar,US strike,1,0,0,-,ISIS,-,-,1,1,25,25,0,0,0,0,0,0,http://www.thebureauinvestigates.com/2015/02/12/us-drone-war-afghanistan-list-american-air-strikes-2015/#51,,51
AFG067,07/07/2015,Unknown,Bati Kot,Nangarhar,US strike,1,0,0,-,Taliban / ISIS,-,-,1,1,4,4,0,0,0,0,2,2,http://www.thebureauinvestigates.com/2015/02/12/us-drone-war-afghanistan-list-american-air-strikes-2015/#52,,52
AFG068,08/07/2015,Tangi,Dih Bala,Nangarhar,US strike,1,0,0,-,ISIS,Night,Gathering,1,1,25,52,0,0,0,0,0,0,http://www.thebureauinvestigates.com/2015/02/12/us-drone-war-afghanistan-list-american-air-strikes-2015/#53,,53
AFG069,10/07/2015,"Unknown
",Achin,Nangarhar,US strike,1,1,0,Possible CT,ISIS,Night,Gathering,1,1,30,31,0,0,0,0,0,0,http://www.thebureauinvestigates.com/2015/02/12/us-drone-war-afghanistan-list-american-air-strikes-2015/#54,,54
AFG070,11/07/2015,"Unknown
",Bermal,Paktika,US strike,1,1,0,Probable CT,AQ,-,-,1,1,3,3,0,0,0,0,0,0,http://www.thebureauinvestigates.com/2015/02/12/us-drone-war-afghanistan-list-american-air-strikes-2015/#60,,60
AFG071,12/07/2015,Maidnak and Chehal Gazi,Achin,Nangarhar,US strike,1,0,0,-,Taliban,-,-,2,2,12,12,0,0,0,0,0,0,http://www.thebureauinvestigates.com/2015/02/12/us-drone-war-afghanistan-list-american-air-strikes-2015/#56,,56
AFG072,14/07/2015,"Unknown
","Haska Mina
",Nangarhar,US strike,1,0,0,-,Taliban,Night,Gathering,1,1,28,28,0,0,0,0,0,0,http://www.thebureauinvestigates.com/2015/02/12/us-drone-war-afghanistan-list-american-air-strikes-2015/#55,,55
AFG073,16/07/2015,Unknown,Tor Khail,Wardak,US strike,1,0,0,-,Haqqani,Morning,Gathering,1,1,8,16,0,0,0,0,0,0,http://www.thebureauinvestigates.com/2015/02/12/us-drone-war-afghanistan-list-american-air-strikes-2015/#57,,57
AFG074,16/07/2015,Unknown,"Haska Mina
",Nangarhar,US strike,1,0,0,-,Taliban,Afternoon,-,1,1,6,6,0,0,0,0,0,0,http://www.thebureauinvestigates.com/2015/02/12/us-drone-war-afghanistan-list-american-air-strikes-2015/#58,,58
AFG075,20/07/2015,Cheltan,Baraki Barak,Logar,US strike,0,1,0,-,Friendly Fire,7.30,ANA Outpost,1,1,7,10,0,0,0,0,5,6,http://www.thebureauinvestigates.com/2015/02/12/us-drone-war-afghanistan-list-american-air-strikes-2015/#59,,59
AFG076,26/07/2015,Chaknawr,Lal Pura,Nangarhar,US strike,1,0,0,-,-,Afternoon,Vehicle,1,1,5,6,0,0,0,0,0,0,http://www.thebureauinvestigates.com/2015/02/12/us-drone-war-afghanistan-list-american-air-strikes-2015/#61,,61
AFG077,29/07/2015,Harun Baba,Haska Mina and Pachiragam,Nangarhar,US strike,1,1,0,FP,ISIS,Night,Vehicle,2,2,12,20,0,0,0,0,0,0,http://www.thebureauinvestigates.com/2015/02/12/us-drone-war-afghanistan-list-american-air-strikes-2015/#62,,62
AFG078,02/08/2015,Cholzi,Baraki Barak,Logar,US strike,1,0,0,-,Taliban,20:00,-,1,1,4,4,0,0,0,0,0,0,http://www.thebureauinvestigates.com/2015/02/12/us-drone-war-afghanistan-list-american-air-strikes-2015/#63,,63
AFG079,04/08/2015,Unknown,"Sherzad, Haska Mina and Deh Bala",Nangarhar and Paktika,US strike,1,1,0,FP,Taliban,16.00-19.00,Building and convoy,7,7,56,66,0,0,0,0,0,0,http://www.thebureauinvestigates.com/2015/02/12/us-drone-war-afghanistan-list-american-air-strikes-2015/#64,,64
AFG080,08/08/2015,Gorgori,Haska Mina,Nangarhar,US strike,1,0,0,-,Taliban,12:00,-,1,1,10,10,0,0,0,0,0,0,http://www.thebureauinvestigates.com/2015/02/12/us-drone-war-afghanistan-list-american-air-strikes-2015/#65,,65
AFG081,09/08/2015,Unknown,Nazyan,Nangarhar,US strike,1,0,0,-,ISIS,-,-,1,1,2,6,0,0,0,0,0,0,http://www.thebureauinvestigates.com/2015/02/12/us-drone-war-afghanistan-list-american-air-strikes-2015/#66,,66
AFG082,10/08/2015,Shonkorok Valley,Shegal,Kunar,US strike,1,0,0,-,Taliban,-,Hideout,1,1,3,3,0,0,0,0,0,0,http://www.thebureauinvestigates.com/2015/02/12/us-drone-war-afghanistan-list-american-air-strikes-2015/#67,,67
AFG083,17/08/2015,Unknown,Day Mirdad,Wardak,US strike,1,1,0,FP,-,Night,-,1,1,4,5,0,0,0,0,0,0,http://www.thebureauinvestigates.com/2015/02/12/us-drone-war-afghanistan-list-american-air-strikes-2015/#68,,68
AFG084,17/08/2015,Unknown,Chak,Wardak,US strike,1,0,0,-,-,Night,-,1,1,2,3,0,0,0,0,0,0,http://www.thebureauinvestigates.com/2015/02/12/us-drone-war-afghanistan-list-american-air-strikes-2015/#69,,69
AFG085,23/08/2015,Unknown,Musa Qala,Helmand,US strike,0,1,0,-,-,-,-,2,3,40,40,0,0,0,0,0,0,http://www.thebureauinvestigates.com/2015/02/12/us-drone-war-afghanistan-list-american-air-strikes-2015/#70,,70
AFG086,26/08/2015,Kotikhil,"Shirzad
",Nangarhar,US strike,1,0,0,-,Taliban,-,-,1,1,4,4,0,0,0,0,0,0,http://www.thebureauinvestigates.com/2015/02/12/us-drone-war-afghanistan-list-american-air-strikes-2015/#72,,72
AFG087,27/08/2015,Unknown,Musa Qala,Helmand,US strike,0,1,0,-,Taliban,-,-,2,2,0,0,0,0,0,0,0,0,http://www.thebureauinvestigates.com/2015/02/12/us-drone-war-afghanistan-list-american-air-strikes-2015/#175,,175
AFG088,30/08/2015,Unknown,Musa Qala,Helmand,US strike,0,1,0,-,Taliban,-,-,13,13,0,0,0,0,0,0,0,0,http://www.thebureauinvestigates.com/2015/02/12/us-drone-war-afghanistan-list-american-air-strikes-2015/#73,,73
AFG089,31/08/2015,Unknown,Nahr e Saraj,Helmand,US strike,0,1,1,-,-,-,-,1,1,2,2,2,2,0,0,0,0,http://www.thebureauinvestigates.com/2015/02/12/us-drone-war-afghanistan-list-american-air-strikes-2015/#133,,133
AFG090,01/09/2015,Unknown,Musa Qala,Helmand,US strike,0,1,0,-,Taliban,-,-,6,6,0,0,0,0,0,0,0,0,http://www.thebureauinvestigates.com/2015/02/12/us-drone-war-afghanistan-list-american-air-strikes-2015/#83,,83
AFG091,06/09/2015,Unknown,Garamser,Helmand,US strike,1,1,0,-,Friendly Fire,-,-,1,1,11,31,0,0,0,0,4,4,http://www.thebureauinvestigates.com/2015/02/12/us-drone-war-afghanistan-list-american-air-strikes-2015/#74,,74
AFG092,06/09/2015,Unknown,Maiwand,Kandahar,US strike,0,1,1,FP,-,-,-,1,1,0,0,0,0,0,0,0,0,http://www.thebureauinvestigates.com/2015/02/12/us-drone-war-afghanistan-list-american-air-strikes-2015/#75,,75
AFG093,08/09/2015,Unknown,Ghazi Abad,Kunar,US strike,1,0,0,-,Taliban,1000,Hideout,1,1,2,2,0,0,0,0,0,0,http://www.thebureauinvestigates.com/2015/02/12/us-drone-war-afghanistan-list-american-air-strikes-2015/#76,,76
AFG094,10/09/2015,Unknown,Gomal,Paktika,US strike,1,1,0,FP,Taliban,-,Two vehicles,1,1,5,15,0,0,0,0,0,0,http://www.thebureauinvestigates.com/2015/02/12/us-drone-war-afghanistan-list-american-air-strikes-2015/#85,,85
AFG095,13/09/2015,Marsangi,Lal Pura,Nangarhar,US strike,1,0,0,-,Taliban,-,Police vehicle,1,1,4,5,0,0,0,0,2,2,http://www.thebureauinvestigates.com/2015/02/12/us-drone-war-afghanistan-list-american-air-strikes-2015/#84,,84
AFG096,17/09/2015,Melawe,Nazyan,Nangarhar,US strike,1,0,0,-,ISIS,Evening,"ISIS Camp
",1,1,5,5,0,0,0,0,0,0,http://www.thebureauinvestigates.com/2015/02/12/us-drone-war-afghanistan-list-american-air-strikes-2015/#86,,86
AFG097,29/09/2015,Kunduz airport,Kunduz city,Kunduz,US strike,0,1,0,FP,Taliban,09.00-09.15,Tank,1,1,0,0,0,0,0,0,0,0,http://www.thebureauinvestigates.com/2015/02/12/us-drone-war-afghanistan-list-american-air-strikes-2015/#87,,87
AFG098,29/09/2015,Kunduz airport,Kunduz city,Kunduz,US strike,0,1,0,FP,Taliban,23.30,-,1,1,0,0,0,0,0,0,0,0,http://www.thebureauinvestigates.com/2015/02/12/us-drone-war-afghanistan-list-american-air-strikes-2015/#88,,88
AFG099,30/09/2015,Kunduz airport,Kunduz city,Kunduz,US strike,0,1,0,FP,Taliban,01.00,-,1,1,0,24,0,0,0,0,0,0,http://www.thebureauinvestigates.com/2015/02/12/us-drone-war-afghanistan-list-american-air-strikes-2015/#89,,89
AFG100,30/09/2015,Kunduz airport,Kunduz city,Kunduz,US strike,0,1,0,FP,Taliban,17.00,-,1,1,0,0,0,0,0,0,0,0,http://www.thebureauinvestigates.com/2015/02/12/us-drone-war-afghanistan-list-american-air-strikes-2015/#90,,90
AFG101,30/09/2015,Kunduz airport,Kunduz city,Kunduz,US strike,0,1,0,FP,Taliban,17.00,-,1,1,0,0,0,0,0,0,0,0,http://www.thebureauinvestigates.com/2015/02/12/us-drone-war-afghanistan-list-american-air-strikes-2015/#91,,91
AFG102,30/09/2015,Kunduz city,Kunduz city,Kunduz,US strike,0,1,0,FP,Taliban,Night,-,1,1,3,3,0,0,0,0,0,0,http://www.thebureauinvestigates.com/2015/02/12/us-drone-war-afghanistan-list-american-air-strikes-2015/#92,,92
AFG103,02/10/2015,Kunduz city,Kunduz city,Kunduz,US strike,0,1,0,-,-,-,Warehouse,1,1,0,0,0,0,0,0,0,0,http://www.thebureauinvestigates.com/2015/02/12/us-drone-war-afghanistan-list-american-air-strikes-2015/#93,,93
AFG104,02/10/2015,Kunduz city,Kunduz city,Kunduz,US strike,0,1,0,-,-,-,Mansion and one other house destroyed. Other houses severely damaged.,1,1,0,0,0,0,0,0,0,0,http://www.thebureauinvestigates.com/2015/02/12/us-drone-war-afghanistan-list-american-air-strikes-2015/#94,,94
AFG105,03/10/2015,Kunduz city,Kunduz city,Kunduz,US strike,0,1,0,FP,Taliban,02.15,MSF Hospital,1,1,42,42,42,42,3,3,27,27,http://www.thebureauinvestigates.com/2015/02/12/us-drone-war-afghanistan-list-american-air-strikes-2015/#95,,95
AFG106,05/10/2015,Kunduz city,Kunduz city,Kunduz,US strike,0,1,1,-,-,-,One Humvee,5,5,0,0,0,0,0,0,0,0,http://www.thebureauinvestigates.com/2015/02/12/us-drone-war-afghanistan-list-american-air-strikes-2015/#96,,96
AFG107,11/10/2015,Unknown,Shurabak,Kandahar,US strike,0,1,0,CT,AQ,Over several days,"AQIS camps, one 30 square miles the other one square mile. ",63,63,100,200,0,0,0,0,50,50,http://www.thebureauinvestigates.com/2015/02/12/us-drone-war-afghanistan-list-american-air-strikes-2015/#97,,97
AFG108,13/10/2015,Unknown,Unknown,Nangarhar,US strike,0,0,0,-,ISIS,-,Vehicle,1,1,6,6,0,0,0,0,0,0,http://www.thebureauinvestigates.com/2015/02/12/us-drone-war-afghanistan-list-american-air-strikes-2015/#98,,98
AFG109,19/10/2015,Unknown,Kharwar,Logar,US strike,0,0,0,-,Taliban,Night,Four vehicles,1,1,0,20,0,0,0,0,0,0,http://www.thebureauinvestigates.com/2015/02/12/us-drone-war-afghanistan-list-american-air-strikes-2015/#99,,99
AFG110,23/10/2015,Unknown,Nazyan,Nangarhar,US strike,1,0,0,-,ISIS,Morning,House,1,1,6,6,0,0,0,0,3,3,http://www.thebureauinvestigates.com/2015/02/12/us-drone-war-afghanistan-list-american-air-strikes-2015/#100,,100
AFG111,23/10/2015,Mamand or Bandar,Achin,Nangarhar,US strike,0,0,0,-,ISIS,11.00,House,1,1,8,10,0,0,0,0,0,0,http://www.thebureauinvestigates.com/2015/02/12/us-drone-war-afghanistan-list-american-air-strikes-2015/#101,,101
AFG112,23/10/2015,Bandar,Achin,Nangarhar,US strike,0,0,0,-,-,Afternoon,Checkpost,1,1,3,3,0,0,0,0,0,0,http://www.thebureauinvestigates.com/2015/02/12/us-drone-war-afghanistan-list-american-air-strikes-2015/#102,,102
AFG113,23/10/2015,Abdul Khel,Achin,Nangarhar,US strike,0,0,0,-,-,Afternoon,Checkpost,1,1,10,10,0,0,0,0,0,0,http://www.thebureauinvestigates.com/2015/02/12/us-drone-war-afghanistan-list-american-air-strikes-2015/#103,,103
AFG114,27/10/2015,Syah Cho,Achin,Nangarhar,US strike,0,0,0,-,Taliban,-,Vehicle,1,1,11,12,0,1,0,0,0,0,http://www.thebureauinvestigates.com/2015/02/12/us-drone-war-afghanistan-list-american-air-strikes-2015/#104,,104
AFG115,29/10/2015,Unknown,Nazyan,Nangarhar,US strike,1,0,0,-,ISIS,-,Compound,1,1,3,4,0,0,0,0,0,0,http://www.thebureauinvestigates.com/2015/02/12/us-drone-war-afghanistan-list-american-air-strikes-2015/#105,,105
AFG116,29/10/2015,Unknown,Ghazi Abad,Kunar,US strike,1,0,0,-,AQ,Evening,-,1,1,3,3,0,0,0,0,0,0,http://www.thebureauinvestigates.com/2015/02/12/us-drone-war-afghanistan-list-american-air-strikes-2015/#106,,106
AFG117,29/10/2015,Unknown,Lal Pura,Kunar,US strike,1,0,0,-,TTP,-,Hideout,1,1,4,4,0,0,0,0,2,2,http://www.thebureauinvestigates.com/2015/02/12/us-drone-war-afghanistan-list-american-air-strikes-2015/#107,,107
AFG118,31/10/2015,"Choni Sar area, Shultan valley",Shigal,Kunar,US strike,1,0,0,-,TTP,Night,-,1,1,2,2,0,0,0,0,0,0,http://www.thebureauinvestigates.com/2015/02/12/us-drone-war-afghanistan-list-american-air-strikes-2015/#108,,108
AFG119,04/11/2015,Unknown,Achin,Nangarhar,US air and Afghan ground operation,0,0,0,-,ISIS,Afternoon,-,1,1,0,29,0,0,0,0,0,0,http://www.thebureauinvestigates.com/2015/02/12/us-drone-war-afghanistan-list-american-air-strikes-2015/#109,,109
AFG120,08/11/2015,Gulai,Ghanikhil,Nangarhar,US strike,1,0,0,-,Taliban,Afternoon,Hideout,1,1,3,3,0,0,0,0,1,1,http://www.thebureauinvestigates.com/2015/02/12/us-drone-war-afghanistan-list-american-air-strikes-2015/#110,,110
AFG121,14/11/2015,Landi Kambo,Khogyani,Nangarhar,US strike,1,0,0,-,Taliban,-,Vehicle,1,1,12,13,0,0,0,0,0,0,http://www.thebureauinvestigates.com/2015/02/12/us-drone-war-afghanistan-list-american-air-strikes-2015/#111,,111
AFG122,17/11/2015,Unknown,Behsood,Nangarhar,US strike,1,0,0,-,Taliban,-,-,1,1,8,8,0,0,0,0,0,0,http://www.thebureauinvestigates.com/2015/02/12/us-drone-war-afghanistan-list-american-air-strikes-2015/#112,,112
AFG123,18/11/2015,Unknown,Babrak Thana,Khost,US strike,1,0,0,-,-,-,Training camp,1,1,21,50,0,0,0,0,0,0,http://www.thebureauinvestigates.com/2015/02/12/us-drone-war-afghanistan-list-american-air-strikes-2015/#113,,113
AFG124,24/11/2015,Dabila,Mohmand Dara,Nangarhar,US strike,1,0,0,-,Taliban,1700,- ,1,1,2,2,0,0,0,0,0,0,http://www.thebureauinvestigates.com/2015/02/12/us-drone-war-afghanistan-list-american-air-strikes-2015/#114,,114
AFG125,24/11/2015,Unknown,Behsood,Nangarhar,US strike,1,0,0,-,Taliban,Night,Vehicles,1,1,8,8,0,0,0,0,0,0,http://www.thebureauinvestigates.com/2015/02/12/us-drone-war-afghanistan-list-american-air-strikes-2015/#115,,115
AFG126,25/11/2015,"Gagi Mountain, Ali Shir",Tere Zayi,Khost,US strike,1,0,0,-,TTP,Night,Hideout,2,2,10,16,0,0,0,0,20,20,http://www.thebureauinvestigates.com/2015/02/12/us-drone-war-afghanistan-list-american-air-strikes-2015/#116,,116
AFG127,03/12/2015,Nakora,Chapa Dara,Kunar,US strike,1,0,0,-,TTP,Night,- ,1,1,3,3,0,0,0,0,0,0,http://www.thebureauinvestigates.com/2015/02/12/us-drone-war-afghanistan-list-american-air-strikes-2015/#117,,117
AFG128,08/12/2015,Ador,Khogyani,Nangarhar,US strike,1,0,0,-,Taliban,-,-,1,1,11,11,0,0,0,0,0,0,http://www.thebureauinvestigates.com/2015/02/12/us-drone-war-afghanistan-list-american-air-strikes-2015/#118,,118
AFG129,13/12/2015,Unknown,"Marja, Sangin and Babaji",Helmand,US strike with US and Afghan ground operation,0,0,0,-,Taliban,-,-,3,3,0,0,0,0,0,0,0,0,http://www.thebureauinvestigates.com/2015/02/12/us-drone-war-afghanistan-list-american-air-strikes-2015/#119,,119
AFG130,15/12/2015,Sher Khan village,Deh Yak,Ghazni,US air and Afghan ground operation,0,0,0,-,Taliban,-,-,1,1,9,9,0,0,0,0,0,0,http://www.thebureauinvestigates.com/2015/02/12/us-drone-war-afghanistan-list-american-air-strikes-2015/#134,,134
AFG131,19/12/2015,Unknown,Bati Kot,Nangarhar,US air and ground operations,1,1,0,FP,Taliban,-,Hideout,1,1,3,3,0,0,0,0,2,2,http://www.thebureauinvestigates.com/2015/02/12/us-drone-war-afghanistan-list-american-air-strikes-2015/#135,,135
AFG132,22/12/2015,28th canal area,Ghani Khel,Nangarhar,US air and ground operations,1,0,0,-,Taliban,-,-,1,1,3,3,0,0,0,0,0,0,http://www.thebureauinvestigates.com/2015/02/12/us-drone-war-afghanistan-list-american-air-strikes-2015/#136,,136
AFG133,23/12/2015,Sangin,Sangin,Helmand,US strike,1,1,1,FP,Taliban,Night,-,2,2,0,0,0,0,0,0,0,0,http://www.thebureauinvestigates.com/2015/02/12/us-drone-war-afghanistan-list-american-air-strikes-2015/#137,,137
AFG134,23/12/2015,Atewishtama Wyala,Ghanikhel,Nangarhar,US strike,1,0,0,-,Taliban,Afternoon,-,1,1,3,3,0,0,0,0,0,0,http://www.thebureauinvestigates.com/2015/02/12/us-drone-war-afghanistan-list-american-air-strikes-2015/#138,,138
AFG135,29/12/2015,Masboud valley,Alishang,Laghman,US strike,1,0,0,-,Taliban,Afternoon,-,1,1,2,2,0,0,0,0,0,0,http://www.thebureauinvestigates.com/2015/02/12/us-drone-war-afghanistan-list-american-air-strikes-2015/#139,,139
AFG136,02/01/2016,Shaltan Darra,Shegal,Kunar,US strike,1,0,0,-,ISIS,-,-,1,1,5,5,0,0,0,0,2,2,https://www.thebureauinvestigates.com/2016/01/07/get-the-data-a-list-of-us-air-and-drone-strikes-afghanistan-2016/#140,https://www.thebureauinvestigates.com/2016/01/07/get-the-data-a-list-of-us-air-and-drone-strikes-afghanistan-2016/#,140
AFG137,06/01/2016,Unknown,Majah,Helmand,US strike,0,1,1,-,-,-,-,12,12,0,0,0,0,0,0,0,0,https://www.thebureauinvestigates.com/2016/01/07/get-the-data-a-list-of-us-air-and-drone-strikes-afghanistan-2016/#141,,141
AFG138,08/01/2016,"Maktab village, Pekha",Achin,Nangarhar,US strike,1,1,0,CT,ISIS,Afternoon (after Friday prayers),Mass public execution,1,1,17,20,0,0,0,0,2,2,https://www.thebureauinvestigates.com/2016/01/07/get-the-data-a-list-of-us-air-and-drone-strikes-afghanistan-2016/#142,,142
AFG139,08/01/2016,Unknown,Kharkhez,Kandahar,US strike,0,1,1,FP,-,-,-,1,1,0,0,0,0,0,0,0,0,https://www.thebureauinvestigates.com/2016/01/07/get-the-data-a-list-of-us-air-and-drone-strikes-afghanistan-2016/#143,,143
AFG140,08/01/2016,Unknown,Bermal,Paktika,US strike,0,1,1,FP,-,-,-,1,1,0,0,0,0,0,0,0,0,https://www.thebureauinvestigates.com/2016/01/07/get-the-data-a-list-of-us-air-and-drone-strikes-afghanistan-2016/#144,,144
AFG141,09/01/2016,Unknown,Achin,Nangarhar,US strike,1,1,0,FP,ISIS,-,Hideouts,1,1,20,20,0,0,0,0,2,2,https://www.thebureauinvestigates.com/2016/01/07/get-the-data-a-list-of-us-air-and-drone-strikes-afghanistan-2016/#145,,145
AFG142,09/01/2016,Unknown,Shegal,Kunar,US strike,1,1,0,FP,TTP,0800,-,1,1,10,10,1,1,1,1,0,0,https://www.thebureauinvestigates.com/2016/01/07/get-the-data-a-list-of-us-air-and-drone-strikes-afghanistan-2016/#146,,146
AFG143,10/01/2016,Unknown,Bermal,Paktika,US strike,0,1,1,FP,-,-,-,1,1,0,0,0,0,0,0,0,0,https://www.thebureauinvestigates.com/2016/01/07/get-the-data-a-list-of-us-air-and-drone-strikes-afghanistan-2016/#147,,147
AFG144,10/01/2016,Unknown,Bermal,Paktika,US strike,0,1,1,FP,-,-,-,1,1,0,0,0,0,0,0,0,0,https://www.thebureauinvestigates.com/2016/01/07/get-the-data-a-list-of-us-air-and-drone-strikes-afghanistan-2016/#148,,148
AFG145,14/01/2016,"Abdulkhelo area, Bandar locality",Achin,Nangarhar,US strike,1,1,0,FP,ISIS,1600,House,1,1,12,12,0,0,0,0,0,0,https://www.thebureauinvestigates.com/2016/01/07/get-the-data-a-list-of-us-air-and-drone-strikes-afghanistan-2016/#149,,149
AFG146,16/01/2016,Unkown,Deh Bala,Nangarhar,US strike,0,0,0,-,-,Afternoon,-,8,8,17,17,0,0,0,0,0,0,https://www.thebureauinvestigates.com/2016/01/07/get-the-data-a-list-of-us-air-and-drone-strikes-afghanistan-2016/#150,,150
AFG147,16/01/2016,Shabi Tangi,Haska Mena,Nangarhar,US strike,1,0,0,-,ISIS,Late,-,1,1,22,22,0,0,0,0,0,0,https://www.thebureauinvestigates.com/2016/01/07/get-the-data-a-list-of-us-air-and-drone-strikes-afghanistan-2016/#151,,151
AFG148,19/01/2016,Deh Sarak,Achin,Nangarhar,US strike,1,0,0,-,ISIS,1400-1500,Vehicle,1,1,5,5,0,0,0,0,0,0,https://www.thebureauinvestigates.com/2016/01/07/get-the-data-a-list-of-us-air-and-drone-strikes-afghanistan-2016/#152,,152
AFG149,19/01/2016,Deh Sarak,Achin,Nangarhar,US strike,1,0,0,-,ISIS,1400-1500,Vehicle,1,1,5,5,0,0,0,0,0,0,https://www.thebureauinvestigates.com/2016/01/07/get-the-data-a-list-of-us-air-and-drone-strikes-afghanistan-2016/#153,,153
AFG150,22/01/2016,Khawajakhel,Arghandab,Zabul,US strike,1,0,0,-,-,Late,-,1,1,3,3,0,0,0,0,0,0,https://www.thebureauinvestigates.com/2016/01/07/get-the-data-a-list-of-us-air-and-drone-strikes-afghanistan-2016/#154,,154
AFG151,22/01/2016,Unknown,Unknown,Nangarhar,US strike,1,0,0,-,ISIS,-,-,1,1,2,2,0,0,0,0,0,0,https://www.thebureauinvestigates.com/2016/01/07/get-the-data-a-list-of-us-air-and-drone-strikes-afghanistan-2016/#155,,155
AFG152,22/01/2016,Abdulkhel area,Achin,Nangarhar,US strike,1,0,0,-,ISIS,Night,-,1,1,3,3,0,0,0,0,0,0,https://www.thebureauinvestigates.com/2016/01/07/get-the-data-a-list-of-us-air-and-drone-strikes-afghanistan-2016/#156,,156
AFG153,22/01/2016,Gorgori,Haska Mena,Nangarhar,US strike,1,0,0,-,ISIS,Night,-,1,1,10,10,0,0,0,0,0,0,https://www.thebureauinvestigates.com/2016/01/07/get-the-data-a-list-of-us-air-and-drone-strikes-afghanistan-2016/#157,,157
AFG154,23/01/2016,Bandar,Achin,Nangarhar,US strike,1,0,0,-,ISIS,Noon,-,1,1,3,3,0,0,0,0,0,0,https://www.thebureauinvestigates.com/2016/01/07/get-the-data-a-list-of-us-air-and-drone-strikes-afghanistan-2016/#158,,158
AFG155,23/01/2016,Nargusi,Achin,Nangarhar,US strike,1,0,0,-,ISIS,-,-,1,1,6,6,0,0,0,0,0,0,https://www.thebureauinvestigates.com/2016/01/07/get-the-data-a-list-of-us-air-and-drone-strikes-afghanistan-2016/#159,,159
AFG156,24/01/2016,Gurguri,Deh Bala,Nangarhar,US strike,1,0,0,-,ISIS,-,-,1,1,13,13,0,0,0,0,0,0,https://www.thebureauinvestigates.com/2016/01/07/get-the-data-a-list-of-us-air-and-drone-strikes-afghanistan-2016/#160,,160
AFG157,24/01/2016,Bandar Khwar,Achin,Nangarhar,US strike,1,0,0,-,ISIS,-,-,1,1,4,4,0,0,0,0,0,0,https://www.thebureauinvestigates.com/2016/01/07/get-the-data-a-list-of-us-air-and-drone-strikes-afghanistan-2016/#161,,161
AFG158,25/01/2016,Unknown,Achin,Nangarhar,US strike,1,0,0,-,Taliban,Late,-,1,1,5,5,0,0,0,0,0,0,https://www.thebureauinvestigates.com/2016/01/07/get-the-data-a-list-of-us-air-and-drone-strikes-afghanistan-2016/#162,,162
AFG159,01/02/2016,Momand,Achin,Nangarhar,US strike,1,1,0,CT,ISIS,1900-2000,"Radio station, ""Internet facility"", court, hideout",2,4,21,29,0,0,0,0,0,0,https://www.thebureauinvestigates.com/2016/01/07/get-the-data-a-list-of-us-air-and-drone-strikes-afghanistan-2016/#163,,163
AFG160,01/02/2016,Unknown,Bermal or Gomal,Paktika,US strike,1,0,0,-,TTP,-,-,1,1,19,19,0,0,0,0,0,0,https://www.thebureauinvestigates.com/2016/01/07/get-the-data-a-list-of-us-air-and-drone-strikes-afghanistan-2016/#164,,164
AFG161,02/02/2016,Bandar,Achin,Nangarhar,US strike,1,1,0,FP,ISIS,1600,-,1,1,3,4,0,0,0,0,0,0,https://www.thebureauinvestigates.com/2016/01/07/get-the-data-a-list-of-us-air-and-drone-strikes-afghanistan-2016/#165,,165
AFG162,04/02/2016,"Daman, Marghay",Bermal,Paktika,US strike,1,0,0,-,TTP,-,-,1,1,10,15,0,0,0,0,0,0,https://www.thebureauinvestigates.com/2016/01/07/get-the-data-a-list-of-us-air-and-drone-strikes-afghanistan-2016/#166,,166
AFG163,04/02/2016,Shiltan,Shegal,Kunar,US strike,1,1,0,CT,TTP,Night,-,1,1,3,3,0,0,0,0,0,0,https://www.thebureauinvestigates.com/2016/01/07/get-the-data-a-list-of-us-air-and-drone-strikes-afghanistan-2016/#167,,167
AFG164,05/02/2016,Unknown,Achin,Nangarhar,US strike,1,1,0,-,ISIS,-,Vehicle and gathering,1,2,16,16,0,0,0,0,0,0,https://www.thebureauinvestigates.com/2016/01/07/get-the-data-a-list-of-us-air-and-drone-strikes-afghanistan-2016/#168,,168
AFG165,08/02/2016,Bazaar,Achin,Nangarhar,US strike,1,0,0,-,ISIS,-,Bazaar,1,1,11,11,0,0,0,0,2,2,https://www.thebureauinvestigates.com/2016/01/07/get-the-data-a-list-of-us-air-and-drone-strikes-afghanistan-2016/#169,,169
AFG166,08/02/2016,Unknown,Nad Ali and Greshk,Helmand,US strike,1,0,0,-,Taliban,Night,Vehicle,1,2,15,15,0,0,0,0,10,10,https://www.thebureauinvestigates.com/2016/01/07/get-the-data-a-list-of-us-air-and-drone-strikes-afghanistan-2016/#170,,170
AFG167,11/02/2016,Unknown,Gomal,Paktika,US strike,1,1,0,CT,Taliban,-,Two vehicles,1,1,13,18,0,0,0,0,0,0,https://www.thebureauinvestigates.com/2016/01/07/get-the-data-a-list-of-us-air-and-drone-strikes-afghanistan-2016/#175,,175
AFG168,15/02/2016,Unknown,Nazyan,Nangarhar,US strike,0,1,0,CT,-,-,-,1,1,15,15,0,0,0,0,0,0,https://www.thebureauinvestigates.com/2016/01/07/get-the-data-a-list-of-us-air-and-drone-strikes-afghanistan-2016/#179,,179
AFG169,17/02/2016,Raghi,Gomal,Paktika,US strike,1,0,0,-,Taliban,-,Hideout,1,1,6,6,0,0,0,0,0,0,https://www.thebureauinvestigates.com/2016/01/07/get-the-data-a-list-of-us-air-and-drone-strikes-afghanistan-2016/#176,,176
AFG170,18/02/2016,Raghi,Gomal,PAktika,US strike,1,0,0,-,-,-,Vehicle,1,1,6,6,0,0,0,0,0,0,https://www.thebureauinvestigates.com/2016/01/07/get-the-data-a-list-of-us-air-and-drone-strikes-afghanistan-2016/#177,,177
AFG171,22/02/2016,Pekha Khwar,Achin,Nangarhar,US strike,1,1,0,CT,ISIS,-,-,1,1,22,25,0,0,0,0,0,0,https://www.thebureauinvestigates.com/2016/01/07/get-the-data-a-list-of-us-air-and-drone-strikes-afghanistan-2016/#171,,171
AFG172,22/02/2016,Dand e Ghori,Pul-e-Khumri,Baghlan,US strike,1,0,0,-,Taliban,-,-,1,1,0,0,0,0,0,0,0,0,https://www.thebureauinvestigates.com/2016/01/07/get-the-data-a-list-of-us-air-and-drone-strikes-afghanistan-2016/#172,,172
AFG173,26/02/2016,Dadul,Gomal,Paktika,US strike,1,1,0,CT,AQ,-,Two motorcycles,1,1,3,3,0,0,0,0,0,0,https://www.thebureauinvestigates.com/2016/01/07/get-the-data-a-list-of-us-air-and-drone-strikes-afghanistan-2016/#173,,173
AFG174,28/02/2016,Mamand Dara and Pekha,Achin,Nangarhar,US strike,1,1,0,CT,ISIS,Late afternoon,-,1,1,7,9,0,0,0,0,0,0,https://www.thebureauinvestigates.com/2016/01/07/get-the-data-a-list-of-us-air-and-drone-strikes-afghanistan-2016/#174,,174
AFG175,05/03/2016,Mamond Dara,Achin,Nangarhar,US strike,1,1,0,CT,ISIS,Night,-,1,1,15,15,0,0,0,0,0,0,https://www.thebureauinvestigates.com/2016/01/07/get-the-data-a-list-of-us-air-and-drone-strikes-afghanistan-2016/#178,,178
AFG176,21/03/2016,Khwargai,Kot,Nangarhar,US strike,1,0,0,-,ISIS,2.30pm,"""Saracha"" vehicle",1,1,8,8,0,0,0,0,0,0,https://www.thebureauinvestigates.com/2016/01/07/get-the-data-a-list-of-us-air-and-drone-strikes-afghanistan-2016/#180,,180
AFG177,22/03/2016,Janajal Ghondie,Kot,Nangarhar,US strike,1,0,0,-,ISIS,14:00,-,1,1,2,8,0,0,0,0,0,0,https://www.thebureauinvestigates.com/2016/01/07/get-the-data-a-list-of-us-air-and-drone-strikes-afghanistan-2016/#181,,181
AFG178,22/03/2016,Bandar,Kot,Nangarhar,US strike,1,0,0,-,ISIS,Late afternon,Horse,1,1,5,5,0,0,0,0,0,0,https://www.thebureauinvestigates.com/2016/01/07/get-the-data-a-list-of-us-air-and-drone-strikes-afghanistan-2016/#182,,182
AFG179,26/03/2016,Unknown,Achin or Mamand Dara,Nangarhar,US strike,1,0,0,-,ISIS,-,-,1,1,11,11,0,0,0,0,0,0,https://www.thebureauinvestigates.com/2016/01/07/get-the-data-a-list-of-us-air-and-drone-strikes-afghanistan-2016/#183,,183
AFG180,05/04/2016,Unknown,Kot,Nangarhar,US strike,1,0,0,-,ISIS,Early morning,Vehicle and motorbike,1,1,6,6,0,0,0,0,0,0,https://www.thebureauinvestigates.com/2016/01/07/get-the-data-a-list-of-us-air-and-drone-strikes-afghanistan-2016/#184,,184
AFG181,07/04/2016,Unknown,Achin,Nangarhar,US strike,1,0,0,-,ISIS,-,-,1,1,4,4,0,0,0,0,0,0,https://www.thebureauinvestigates.com/2016/01/07/get-the-data-a-list-of-us-air-and-drone-strikes-afghanistan-2016/#185,,185
AFG182,07/04/2016,Unknown,Dehrawood,Nangarhar,US strike,1,0,0,-,Taliban,-,-,1,1,3,3,0,0,0,0,0,0,https://www.thebureauinvestigates.com/2016/01/07/get-the-data-a-list-of-us-air-and-drone-strikes-afghanistan-2016/#186,,186
AFG183,07/04/2016,Nematabad,Gomal,Paktika,US strike,1,1,0,CT,AQ,-,-,1,1,14,21,14,21,0,0,0,0,https://www.thebureauinvestigates.com/2016/01/07/get-the-data-a-list-of-us-air-and-drone-strikes-afghanistan-2016/#187,,187
AFG184,14/04/2016,Unknown,Achin,Nangarhar,US strike,0,1,1,CT,-,-,-,1,1,0,0,0,0,0,0,0,0,https://www.thebureauinvestigates.com/2016/01/07/get-the-data-a-list-of-us-air-and-drone-strikes-afghanistan-2016/#190,,190
AFG185,19/04/2016,Shadal,Achin,Nangarhar,US strike,1,0,0,-,ISIS,-,House,1,1,5,5,0,0,0,0,0,0,https://www.thebureauinvestigates.com/2016/01/07/get-the-data-a-list-of-us-air-and-drone-strikes-afghanistan-2016/#191,,191
AFG186,20/04/2016,Unknown,Achin,Nangarhar,US strike,1,0,0,-,ISIS,-,-,1,1,4,4,0,0,0,0,0,0,https://www.thebureauinvestigates.com/2016/01/07/get-the-data-a-list-of-us-air-and-drone-strikes-afghanistan-2016/#192,,192
AFG187,28/04/2016,Narai Obam,Haska Mena,Nangarhar,US strike,1,0,0,-,ISIS,-,-,1,1,15,15,0,0,0,0,0,0,https://www.thebureauinvestigates.com/2016/01/07/get-the-data-a-list-of-us-air-and-drone-strikes-afghanistan-2016/#193,,193
AFG188,30/04/2016,Unknown,Chaparhar and Haska Mina,Nangarhar,US strike,1,0,0,-,-,-,-,1,1,38,38,0,0,0,0,0,0,https://www.thebureauinvestigates.com/2016/01/07/get-the-data-a-list-of-us-air-and-drone-strikes-afghanistan-2016/#194,,194
AFG189,07/05/2016,Unknown,Khanashin,Helmand,US strike,1,1,0,-,-,-,Vehicle,1,1,0,1,0,0,0,0,2,3,https://www.thebureauinvestigates.com/2016/01/07/get-the-data-a-list-of-us-air-and-drone-strikes-afghanistan-2016/#196,,196
AFG190,09/05/2016,Nahr Sufi,Chahar Dara,Kunduz,US strike,1,0,0,-,Taliban,-,Vehicle,1,1,12,12,0,0,0,0,0,0,https://www.thebureauinvestigates.com/2016/01/07/get-the-data-a-list-of-us-air-and-drone-strikes-afghanistan-2016/#195,,195
AFG191,12/05/2016,Zarmakhel,Pacheragam,Nangarhar,US strike,0,1,0,CT,Reportedly Taliban,10:30,Vehicle,1,1,1,1,0,0,0,0,1,1,https://www.thebureauinvestigates.com/2016/01/07/get-the-data-a-list-of-us-air-and-drone-strikes-afghanistan-2016/#202,,202
AFG192,16/05/2016,Gandeel,Watapor,Kunar,US strike,1,1,0,FP,ISIS,-,Hideout,1,1,3,3,0,0,0,0,0,0,https://www.thebureauinvestigates.com/2016/01/07/get-the-data-a-list-of-us-air-and-drone-strikes-afghanistan-2016/#197,,197
AFG193,17/05/2016,Unknown,Shahjoy,Zabul,US strike,1,1,0,CT,AQ,-,-,1,1,5,5,0,0,0,0,0,0,https://www.thebureauinvestigates.com/2016/01/07/get-the-data-a-list-of-us-air-and-drone-strikes-afghanistan-2016/#199,,199
AFG194,18/05/2016,Mohammd Ghous,Ab Band,Ghazni,US strike,1,0,0,-,Taliban,05:00,-,1,1,1,1,0,0,0,0,0,0,https://www.thebureauinvestigates.com/2016/01/07/get-the-data-a-list-of-us-air-and-drone-strikes-afghanistan-2016/#201,,201
AFG195,22/05/2016,Asqalan,Kunduz city,Kunduz,US strike,1,0,0,-,Taliban,-,Vehicle,1,1,13,13,0,0,0,0,0,0,https://www.thebureauinvestigates.com/2016/01/07/get-the-data-a-list-of-us-air-and-drone-strikes-afghanistan-2016/#203,,203
AFG196,22/05/2016,Karkani,Achin,Nangarhar,US strike,1,0,0,-,ISIS,Morning,-,1,1,9,9,0,0,0,0,0,0,https://www.thebureauinvestigates.com/2016/01/07/get-the-data-a-list-of-us-air-and-drone-strikes-afghanistan-2016/#204,,204
AFG197,26/05/2016,Sarobi,Achin,Nangarhar,US strike,1,0,0,"-
",ISIS,Morning,Bomb-rigged car,1,1,6,6,0,0,0,0,0,0,https://www.thebureauinvestigates.com/2016/01/07/get-the-data-a-list-of-us-air-and-drone-strikes-afghanistan-2016/#205,,205
AFG198,26/05/2016,Pirakhel,Wazir,Nangarhar,US strike,1,0,0,-,ISIS,Morning,-,1,1,4,4,0,0,0,0,0,0,https://www.thebureauinvestigates.com/2016/01/07/get-the-data-a-list-of-us-air-and-drone-strikes-afghanistan-2016/#206,,206
AFG199,26/05/2016,Unknown,Kot,Nangarhar,US strike,1,0,0,-,ISIS,-,-,1,1,2,2,0,0,0,0,0,0,https://www.thebureauinvestigates.com/2016/01/07/get-the-data-a-list-of-us-air-and-drone-strikes-afghanistan-2016/#207,,207
AFG200,26/05/2016,Elbak,Unknown,Kandahar,US strike,1,1,1,FP,Taliban,Night,-,3,3,7,7,0,0,0,0,2,2,https://www.thebureauinvestigates.com/2016/01/07/get-the-data-a-list-of-us-air-and-drone-strikes-afghanistan-2016/#220,,220
AFG201,29/05/2016,Kangari Kando,Haska Mena,Nangarhar,US strike,1,0,0,-,ISIS,-,Hideout,1,1,6,6,0,0,0,0,0,0,https://www.thebureauinvestigates.com/2016/01/07/get-the-data-a-list-of-us-air-and-drone-strikes-afghanistan-2016/#208,,208
AFG202,29/05/2016,Kata Sang,Shaha Wali Kot,Kandahar,US strike,1,1,0,FP,Taliban,-,-,1,1,17,22,0,0,0,0,0,0,https://www.thebureauinvestigates.com/2016/01/07/get-the-data-a-list-of-us-air-and-drone-strikes-afghanistan-2016/#209,,209
AFG203,29/05/2016,Unknown,De Bala,Nangarhar,US strike,1,0,0,-,Taliban,-,-,1,1,2,2,0,0,0,0,0,0,https://www.thebureauinvestigates.com/2016/01/07/get-the-data-a-list-of-us-air-and-drone-strikes-afghanistan-2016/#210,,210
AFG204,29/05/2016,Unknown,Sayedabad,Maidan Wardak,US strike,1,0,0,-,ISIS,-,-,1,1,2,2,0,0,0,0,0,0,https://www.thebureauinvestigates.com/2016/01/07/get-the-data-a-list-of-us-air-and-drone-strikes-afghanistan-2016/#211,,211
AFG205,02/06/2016,Kharkot,Gayan,Paktika,US strike,1,0,0,-,Taliban,14:00,-,1,1,10,10,0,0,0,0,0,0,https://www.thebureauinvestigates.com/2016/01/07/get-the-data-a-list-of-us-air-and-drone-strikes-afghanistan-2016/#212,,212
AFG206,08/06/2016,Unknown,Sar Rawza,Paktika,US strike,1,0,0,-,Haqqani,Night,Vehicle,1,1,2,2,0,0,0,0,0,0,https://www.thebureauinvestigates.com/2016/01/07/get-the-data-a-list-of-us-air-and-drone-strikes-afghanistan-2016/#213,,213
AFG207,11/06/2016,Sargardan,Hesarak,Nangarhar,US strike,1,0,0,-,Taliban,-,Vehicle,1,1,6,6,0,0,0,0,0,0,https://www.thebureauinvestigates.com/2016/01/07/get-the-data-a-list-of-us-air-and-drone-strikes-afghanistan-2016/#214,,214
AFG208,11/06/2016,Unknown,Azara,Logar,US strike,1,0,0,-,Taliban,-,Vehicle,1,1,11,11,0,3,0,0,0,0,https://www.thebureauinvestigates.com/2016/01/07/get-the-data-a-list-of-us-air-and-drone-strikes-afghanistan-2016/#215,,215
AFG209,11/06/2016,Ghwagezai,Hesarak,Nangarhar,US strike,1,0,0,-,Taliban,Night,Vehicle,1,1,6,6,0,0,0,0,0,0,https://www.thebureauinvestigates.com/2016/01/07/get-the-data-a-list-of-us-air-and-drone-strikes-afghanistan-2016/#216,,216
AFG210,14/06/2016,Karkanai,Achin,Nangarhar,US strike,1,0,0,-,ISIS,-,Hideout,1,1,10,10,0,0,0,0,0,0,https://www.thebureauinvestigates.com/2016/01/07/get-the-data-a-list-of-us-air-and-drone-strikes-afghanistan-2016/#217,,217
AFG211,15/06/2016,Karkanai,Achin,Nangarhar,US strike,1,0,0,-,ISIS,21:00,-,1,1,21,21,0,0,0,0,0,0,https://www.thebureauinvestigates.com/2016/01/07/get-the-data-a-list-of-us-air-and-drone-strikes-afghanistan-2016/#237,,237
AFG212,18/06/2016,Taraki,Dasht e Archi,Nangarhar,US strike ,1,0,0,-,Taliban,Night,Vehicle,1,1,8,8,0,0,0,0,0,0,https://www.thebureauinvestigates.com/2016/01/07/get-the-data-a-list-of-us-air-and-drone-strikes-afghanistan-2016/#218,,218
AFG213,18/06/2016,"Dara e Mohmand, Mazdaki, Abdulkhail",Achin,Nangarhar,US strike,1,1,0,CT,ISIS,-,-,1,1,23,27,0,0,0,0,0,0,https://www.thebureauinvestigates.com/2016/01/07/get-the-data-a-list-of-us-air-and-drone-strikes-afghanistan-2016/#219,,219
AFG214,21/06/2016,Moghul Qeshlag,Imam Sahib,Kunduz,US strike,1,0,0,-,Taliban,Midday,Hideout,1,1,5,5,0,0,0,0,0,0,https://www.thebureauinvestigates.com/2016/01/07/get-the-data-a-list-of-us-air-and-drone-strikes-afghanistan-2016/#220,,220
AFG215,22/06/2016,Pir Shah Khelo,Kot,Nangarhar,US strike,1,0,0,-,ISIS,Late afternoon,-,1,1,4,4,0,0,0,0,0,0,https://www.thebureauinvestigates.com/2016/01/07/get-the-data-a-list-of-us-air-and-drone-strikes-afghanistan-2016/#221,,221
AFG216,23/06/2016,Rahmati and Marsing,Lal Pura,Nangarhar,US strike,1,0,0,-,Taliban,Night,"Car, motorcycle",2,2,7,7,0,0,0,0,3,3,https://www.thebureauinvestigates.com/2016/01/07/get-the-data-a-list-of-us-air-and-drone-strikes-afghanistan-2016/#229,,229
AFG217,24/06/2016,Unknown,Unknown,Unknown,US strike,0,1,1,-,Taliban,-,"""Taliban positions""",2,2,0,0,0,0,0,0,0,0,https://www.thebureauinvestigates.com/2016/01/07/get-the-data-a-list-of-us-air-and-drone-strikes-afghanistan-2016/#222,,222
AFG218,25/06/2016,Sarak Payin,Chahar Dara,Kunduz,US strike,1,1,0,-,Taliban,-,Taliban prison,2,2,7,16,0,15,0,0,0,0,https://www.thebureauinvestigates.com/2016/01/07/get-the-data-a-list-of-us-air-and-drone-strikes-afghanistan-2016/#223,,223
AFG219,26/06/2016,Unknown,Kot,Nangarhar,US strike,1,0,0,-,ISIS,16:00,Hideout,1,1,30,30,0,0,0,0,0,0,https://www.thebureauinvestigates.com/2016/01/07/get-the-data-a-list-of-us-air-and-drone-strikes-afghanistan-2016/#224,,224
AFG220,27/06/2016,Unknown,Chahar Dara,Kunduz,US strike,1,0,0,-,Taliban,-,-,1,1,4,16,0,0,0,0,0,0,https://www.thebureauinvestigates.com/2016/01/07/get-the-data-a-list-of-us-air-and-drone-strikes-afghanistan-2016/#225,,225
AFG221,28/06/2016,Hazrat Sultan,Kunduz city,Kunduz,US strike,1,0,0,-,Taliban,-,-,1,1,14,14,0,0,0,0,8,8,https://www.thebureauinvestigates.com/2016/01/07/get-the-data-a-list-of-us-air-and-drone-strikes-afghanistan-2016/#226,,226
AFG222,29/06/2016,Unknown,Gortipa,Kunduz,US strike,1,0,0,-,Taliban,-,-,1,1,10,10,0,0,0,0,0,0,https://www.thebureauinvestigates.com/2016/01/07/get-the-data-a-list-of-us-air-and-drone-strikes-afghanistan-2016/#227,,227
AFG223,29/06/2016,Unknown,Dasht e Archi,Nangarhar,US strike,1,0,0,-,Taliban,-,-,1,1,10,10,0,0,0,0,0,0,https://www.thebureauinvestigates.com/2016/01/07/get-the-data-a-list-of-us-air-and-drone-strikes-afghanistan-2016/#228,,228
AFG224,03/07/2016,Unknown,Ab Band,Ghazni,US strike,1,0,0,-,Taliban,-,-,1,1,12,12,0,0,0,0,0,0,https://www.thebureauinvestigates.com/2016/01/07/get-the-data-a-list-of-us-air-and-drone-strikes-afghanistan-2016/#230,,230
AFG225,03/07/2016,Mamond and Pekha,Achin,Nangarhar,US strike,1,0,0,-,ISIS,Night,"Hideouts
",2,2,19,19,0,0,0,0,0,0,https://www.thebureauinvestigates.com/2016/01/07/get-the-data-a-list-of-us-air-and-drone-strikes-afghanistan-2016/#231,,231
AFG226,03/07/2016,Wazir,Khogyani,Nangarhar,US strike,1,0,0,-,Taliban,Afternoon,Vehicles,1,1,11,11,0,0,0,0,3,5,https://www.thebureauinvestigates.com/2016/01/07/get-the-data-a-list-of-us-air-and-drone-strikes-afghanistan-2016/#232,,232
AFG227,05/07/2016,Unknown,Kot,Nangarhar,US strike,1,0,0,-,ISIS,Night,-,1,1,12,12,0,0,0,0,0,0,https://www.thebureauinvestigates.com/2016/01/07/get-the-data-a-list-of-us-air-and-drone-strikes-afghanistan-2016/#233,,233
AFG228,08/07/2016,Unknown,Achin,Nangarhar,US strike,1,0,0,-,ISIS,-,-,1,1,16,16,0,0,0,0,0,0,https://www.thebureauinvestigates.com/2016/01/07/get-the-data-a-list-of-us-air-and-drone-strikes-afghanistan-2016/#234,,234
AFG229,09/07/2016,Mamond Dara,Achin,Nangarhar,US strike,1,1,0,CT,IS/TTP,-,-,1,1,4,8,0,0,0,0,0,0,https://www.thebureauinvestigates.com/2016/01/07/get-the-data-a-list-of-us-air-and-drone-strikes-afghanistan-2016/#235,,235
AFG230,09/07/2016,Unknown,Kot,Nangarhar,US strike,0,1,1,CT,-,-,-,1,1,0,0,0,0,0,0,0,0,https://www.thebureauinvestigates.com/2016/01/07/get-the-data-a-list-of-us-air-and-drone-strikes-afghanistan-2016/#236,,236
AFG231,11/07/2016,Unknown,Achin,Nangarhar,US strike,1,0,0,-,ISIS,-,-,1,1,4,4,0,0,0,0,0,0,https://www.thebureauinvestigates.com/2016/01/07/get-the-data-a-list-of-us-air-and-drone-strikes-afghanistan-2016/#238,,238
AFG232,13/07/2016,Mamond Dara,Achin,Nangarhar,US strike,1,0,0,-,ISIS,-,-,1,1,12,12,0,0,0,0,0,0,https://www.thebureauinvestigates.com/2016/01/07/get-the-data-a-list-of-us-air-and-drone-strikes-afghanistan-2016/#239,,239
AFG233,13/07/2016,"Kharawa, Landai and Kochiano-ghnodai",Achin,Nangarhar,US strike,1,0,0,-,ISIS,-,Radio station,3,3,26,26,0,0,0,0,0,0,https://www.thebureauinvestigates.com/2016/01/07/get-the-data-a-list-of-us-air-and-drone-strikes-afghanistan-2016/#240,,240
AFG234,14/07/2016,Bandar Khwar and Dah Sarak,Achin,Nangarhar,US strike,1,0,0,-,ISIS,-,-,2,2,12,12,0,0,0,0,2,2,https://www.thebureauinvestigates.com/2016/01/07/get-the-data-a-list-of-us-air-and-drone-strikes-afghanistan-2016/#241,,241
AFG235,14/07/2016,Peera Khel,Khogyani,Nangarhar,US strike,1,0,0,-,Taliban,-,-,1,1,4,4,0,0,0,0,3,3,https://www.thebureauinvestigates.com/2016/01/07/get-the-data-a-list-of-us-air-and-drone-strikes-afghanistan-2016/#248,,248
AFG236,15/07/2016,Reg Shahidan,"Maiwand
",Helmand,US strike,1,0,0,-,Taliban/smugglers,Night,Vehicles,1,1,30,30,0,0,0,0,2,2,https://www.thebureauinvestigates.com/2016/01/07/get-the-data-a-list-of-us-air-and-drone-strikes-afghanistan-2016/#242,,242
AFG237,16/07/2016,Spin Zaea,Nazyano,Nangarhar,US strike,1,0,0,-,ISIS,Late,-,1,1,15,15,0,0,0,0,0,0,https://www.thebureauinvestigates.com/2016/01/07/get-the-data-a-list-of-us-air-and-drone-strikes-afghanistan-2016/#243,,243
AFG238,16/07/2016,Unknown,Achin,Nangarhar,US strike,1,0,0,-,ISIS,-,Hideout,1,1,6,6,0,0,0,0,0,0,https://www.thebureauinvestigates.com/2016/01/07/get-the-data-a-list-of-us-air-and-drone-strikes-afghanistan-2016/#244,,244
AFG239,19/07/2016,Sangin,Sangin,Helmand,US strike,0,1,1,-,Taliban,-,-,2,2,0,0,0,0,0,0,0,0,https://www.thebureauinvestigates.com/2016/01/07/get-the-data-a-list-of-us-air-and-drone-strikes-afghanistan-2016/#245,,245
AFG240,19/07/2016,Bandar,Achin,Nangarhar,US strike,1,0,0,-,ISIS,Night,-,1,1,5,5,0,0,0,0,0,0,https://www.thebureauinvestigates.com/2016/01/07/get-the-data-a-list-of-us-air-and-drone-strikes-afghanistan-2016/#246,,246
AFG241,20/07/2016,Unknown,Achin,Nangarhar,US strike,1,0,0,-,Taliban,-,-,1,1,15,15,0,0,0,0,0,0,https://www.thebureauinvestigates.com/2016/01/07/get-the-data-a-list-of-us-air-and-drone-strikes-afghanistan-2016/#247,,247
AFG242,23/07/2016,Unknown,Achin,Nangarhar,US strike,1,0,0,-,ISIS,Night,-,1,1,8,8,0,0,0,0,0,0,https://www.thebureauinvestigates.com/2016/01/07/get-the-data-a-list-of-us-air-and-drone-strikes-afghanistan-2016/#249,,249
AFG243,23/07/2016,Unknown,Achin,Nangarhar,US strike,0,1,1,CT,ISIS,-,-,2,2,0,0,0,0,0,0,0,0,https://www.thebureauinvestigates.com/2016/01/07/get-the-data-a-list-of-us-air-and-drone-strikes-afghanistan-2016/#250,,250
AFG244,26/07/2016,Unknown,Achin,Nangarhar,US strike,0,1,0,CT,ISIS,-,-,1,1,1,1,0,0,0,0,0,0,https://www.thebureauinvestigates.com/2016/01/07/get-the-data-a-list-of-us-air-and-drone-strikes-afghanistan-2016/#255,,255
AFG245,27/07/2016,Pekhi Kali,Achin,Nangarhar,US strike,1,0,0,-,ISIS,-,Hideout,1,1,6,6,0,0,0,0,3,3,https://www.thebureauinvestigates.com/2016/01/07/get-the-data-a-list-of-us-air-and-drone-strikes-afghanistan-2016/#251,,251
AFG246,27/07/2016,Milwa Kand,Nazian,Nangarhar,US strike,1,0,0,-,ISIS,-,Hideout,1,1,2,2,0,0,0,0,0,0,https://www.thebureauinvestigates.com/2016/01/07/get-the-data-a-list-of-us-air-and-drone-strikes-afghanistan-2016/#252,,252
AFG247,31/07/2016,Unknown ,Unknown ,Unknown,US strike,0,1,1,-,- ,-,-,63,63,0,0,0,0,0,0,0,0,https://www.thebureauinvestigates.com/2016/01/07/get-the-data-a-list-of-us-air-and-drone-strikes-afghanistan-2016/#298,,298
AFG248,01/08/2016,Zarghoon village,Nad Ali,Helmand,US strike,1,0,0,-,Taliban,Night,-,1,1,2,2,0,0,0,0,0,0,https://www.thebureauinvestigates.com/2016/01/07/get-the-data-a-list-of-us-air-and-drone-strikes-afghanistan-2016/#253,,253
AFG249,11/08/2016,Unknown,Unknown,Helmand,US strike,1,1,0,-,-,-,-,25,25,0,0,0,0,0,0,0,0,https://www.thebureauinvestigates.com/2016/01/07/get-the-data-a-list-of-us-air-and-drone-strikes-afghanistan-2016/#254,,254
AFG250,12/08/2016,Unknown,Khoshamand,Paktika,US strike,1,0,0,-,Taliban,-,House,1,1,20,25,0,5,0,4,25,25,https://www.thebureauinvestigates.com/2016/01/07/get-the-data-a-list-of-us-air-and-drone-strikes-afghanistan-2016/#256,,256
AFG251,13/08/2016,Pekha,Achin,Nangarhar,US strike,1,0,0,-,ISIS,Night,-,1,1,2,2,0,0,0,0,0,0,https://www.thebureauinvestigates.com/2016/01/07/get-the-data-a-list-of-us-air-and-drone-strikes-afghanistan-2016/#257,,257
AFG252,22/08/2016,Unknown,Kot,Nangarhar,US strike,1,0,0,-,ISIS,-,-,1,1,4,4,0,0,0,0,0,0,https://www.thebureauinvestigates.com/2016/01/07/get-the-data-a-list-of-us-air-and-drone-strikes-afghanistan-2016/#260,,260
AFG253,24/08/2016,Unknown,Unknown,Kunduz,US strike,0,1,1,-,-,-,-,10,10,0,0,0,0,0,0,0,0,https://www.thebureauinvestigates.com/2016/01/07/get-the-data-a-list-of-us-air-and-drone-strikes-afghanistan-2016/#261,,261
AFG254,25/08/2016,Unknown,Nad Ali,Helmand,US strike,1,1,0,-,Taliban,Night,Taliban HQ and bomb making factory or prison,2,2,24,32,0,8,0,0,0,0,https://www.thebureauinvestigates.com/2016/01/07/get-the-data-a-list-of-us-air-and-drone-strikes-afghanistan-2016/#258,,258
AFG255,29/08/2016,Unknown,Jani Khil,Paktia,US strike,1,1,0,SE,Taliban,-,-,4,4,8,120,0,0,0,0,0,0,https://www.thebureauinvestigates.com/2016/01/07/get-the-data-a-list-of-us-air-and-drone-strikes-afghanistan-2016/#259,,259
AFG256,30/08/2016,Unknown,Lal Pura,Nangarhar,US strike,0,0,0,-,Taliban,-,-,1,1,6,6,0,0,0,0,3,3,https://www.thebureauinvestigates.com/2016/01/07/get-the-data-a-list-of-us-air-and-drone-strikes-afghanistan-2016/#262,,262
AFG257,31/08/2016,Unknown,Deh Bala,Nangarhar,US strike,0,0,0,-,ISIS,-,-,8,8,17,17,0,0,0,0,0,0,https://www.thebureauinvestigates.com/2016/01/07/get-the-data-a-list-of-us-air-and-drone-strikes-afghanistan-2016/#263,,263
AFG258,31/08/2016,Unknown ,Unknown,Unknown,US strike,0,1,1,-,-,-,-,26,26,0,0,0,0,0,0,0,0,https://www.thebureauinvestigates.com/2016/01/07/get-the-data-a-list-of-us-air-and-drone-strikes-afghanistan-2016/#266,,266
AFG259,02/09/2016,Keen Kalai,Spera,Khost,US strike,0,0,0,-,Haqqani,10:00,-,1,1,7,7,0,0,0,0,0,0,https://www.thebureauinvestigates.com/2016/01/07/get-the-data-a-list-of-us-air-and-drone-strikes-afghanistan-2016/#264,,264
AFG260,09/09/2016,Tarin Kot,Tarin Kot,Uruzgan,US strike,0,0,0,SE,-,-,-,3,3,0,0,0,0,0,0,0,0,https://www.thebureauinvestigates.com/2016/01/07/get-the-data-a-list-of-us-air-and-drone-strikes-afghanistan-2016/#267,,267
AFG261,10/09/2016,Qarya e Surkh,Khak e Safid,Farah,US strike,1,0,0,-,-,Night,Militant hideout ,1,1,4,4,0,0,0,0,0,0,https://www.thebureauinvestigates.com/2016/01/07/get-the-data-a-list-of-us-air-and-drone-strikes-afghanistan-2016/#265,,265
AFG262,17/09/2016,Unknown,Unknown,Uruzgan,US strike,0,1,1,5 SE 1 CT,-,-,-,6,6,0,0,0,0,0,0,0,0,https://www.thebureauinvestigates.com/2016/01/07/get-the-data-a-list-of-us-air-and-drone-strikes-afghanistan-2016/#269,,269
AFG263,18/09/2016,Saki,Tarin Kot,Uruzgan,US strike,0,1,0,FP,-,Night,-,2,2,7,8,0,0,0,0,0,0,https://www.thebureauinvestigates.com/2016/01/07/get-the-data-a-list-of-us-air-and-drone-strikes-afghanistan-2016/#268,,268
AFG264,22/09/2016,Dastandar,Kot ,Nangarhar ,US strike ,0,0,0,-,-,Night,Vehicle,1,1,7,7,0,0,0,0,0,0,https://www.thebureauinvestigates.com/2016/01/07/get-the-data-a-list-of-us-air-and-drone-strikes-afghanistan-2016/#270,,270
AFG265,22/09/2016,Spinajai ,Nazyan,Nangarhar,US strike ,0,0,0,-,ISIS,Night,-,1,1,5,5,0,0,0,0,0,0,https://www.thebureauinvestigates.com/2016/01/07/get-the-data-a-list-of-us-air-and-drone-strikes-afghanistan-2016/#271,,271
AFG266,22/09/2016,Tawar Tangi,Hesarak,Nangarhar,US strike ,0,0,0,-,Taliban,Night,-,1,1,18,18,0,0,0,0,6,6,https://www.thebureauinvestigates.com/2016/01/07/get-the-data-a-list-of-us-air-and-drone-strikes-afghanistan-2016/#272,,272
AFG267,24/09/2016,Unknown,Bermal,Paktika,US strike,0,1,1,-,-,-,-,1,1,0,0,0,0,0,0,0,0,https://www.thebureauinvestigates.com/2016/01/07/get-the-data-a-list-of-us-air-and-drone-strikes-afghanistan-2016/#273,,273
AFG268,25/09/2016,Unknown,Bermal,Paktika ,US strike,0,1,1,-,-,-,-,1,1,0,0,0,0,0,0,0,0,https://www.thebureauinvestigates.com/2016/01/07/get-the-data-a-list-of-us-air-and-drone-strikes-afghanistan-2016/#274,,274
AFG269,28/09/2016,Unknown,Achin ,Nangarhar ,US strike,1,1,0,CT,ISIS,03:00,House,1,1,18,21,15,15,0,0,13,27,https://www.thebureauinvestigates.com/2016/01/07/get-the-data-a-list-of-us-air-and-drone-strikes-afghanistan-2016/#275,,275
AFG270,30/09/2016,Unknown,Unknown,Unknown,US strike,0,1,1,-,-,-,-,121,121,0,0,0,0,0,0,0,0,https://www.thebureauinvestigates.com/2016/01/07/get-the-data-a-list-of-us-air-and-drone-strikes-afghanistan-2016/#277,,277
AFG271,03/10/2016,Unknown,Kunduz city,Kunduz,US strike,0,1,1,-,Taliban ,-,-,12,12,0,0,0,0,0,0,0,0,https://www.thebureauinvestigates.com/2016/01/07/get-the-data-a-list-of-us-air-and-drone-strikes-afghanistan-2016/#278,,278
AFG272,03/10/2016,Unknown ,Nawa-i-Barakzayi,Helmand,"US air operation with use of drone, F16 jets and Apache helicopter",1,1,0,-,Taliban,-,-,3,3,12,12,0,0,0,0,0,0,https://www.thebureauinvestigates.com/2016/01/07/get-the-data-a-list-of-us-air-and-drone-strikes-afghanistan-2016/#280,,280
AFG273,04/10/2016,Abdul Khel,Achin,Nangarhar,US strike,1,0,0,-,ISIS,-,-,1,1,13,13,0,0,0,0,2,2,https://www.thebureauinvestigates.com/2016/01/07/get-the-data-a-list-of-us-air-and-drone-strikes-afghanistan-2016/#276,,276
AFG274,08/10/2016,Unknown ,Achin and Deh Bala ,Nangarhar,US strike ,0,1,1,-,-,-,-,6,6,0,0,0,0,0,0,0,0,https://www.thebureauinvestigates.com/2016/01/07/get-the-data-a-list-of-us-air-and-drone-strikes-afghanistan-2016/#279,,279
AFG275,17/10/2016,Unknown ,Farah and Bakwah ,Farah ,US strike ,0,1,0,FP,Taliban,-,-,6,6,70,70,0,0,0,0,30,30,https://www.thebureauinvestigates.com/2016/01/07/get-the-data-a-list-of-us-air-and-drone-strikes-afghanistan-2016/#281,,281
AFG276,19/10/2016,Unknown ,Seyagerd,Parwan ,US strike,1,0,0,-,Taliban ,-,-,1,1,8,8,0,0,0,0,0,0,https://www.thebureauinvestigates.com/2016/01/07/get-the-data-a-list-of-us-air-and-drone-strikes-afghanistan-2016/#282,,282
AFG277,22/10/2016,Koz-Pachir village , Pachiragam,Nangarhar ,US strike ,1,1,0,-,-,Before noon,-,1,1,5,5,0,0,0,0,0,0,https://www.thebureauinvestigates.com/2016/01/07/get-the-data-a-list-of-us-air-and-drone-strikes-afghanistan-2016/#283,,283
AFG278,23/10/2016,Unknown ,Unknown ,Kunduz,US strike ,1,1,0,CT,al Qaeda ,-,command-and-control locations ,1,1,3,3,0,0,0,0,0,0,https://www.thebureauinvestigates.com/2016/01/07/get-the-data-a-list-of-us-air-and-drone-strikes-afghanistan-2016/#284,,284
AFG279,28/10/2016,Unknown,Sherzad,Nangarhar ,US strike ,0,1,0,FP,Taliban ,-,House ,1,1,2,4,2,4,0,0,0,30,https://www.thebureauinvestigates.com/2016/01/07/get-the-data-a-list-of-us-air-and-drone-strikes-afghanistan-2016/#285,,285
AFG280,28/10/2016,Aligal village,Ghaziabad,Kunar,US strike,1,0,0,-,Insurgents,Late,-,1,1,5,5,0,0,0,0,0,0,https://www.thebureauinvestigates.com/2016/01/07/get-the-data-a-list-of-us-air-and-drone-strikes-afghanistan-2016/#286,,286
AFG281,30/10/2016,Janjal Shaga and Shaistagar,Achin,Nangarhar,US helicopter strikes,0,0,0,-,ISIS,Night,Heavy machine gun destroyed,2,2,11,11,0,0,0,0,0,0,https://www.thebureauinvestigates.com/2016/01/07/get-the-data-a-list-of-us-air-and-drone-strikes-afghanistan-2016/#287,,287
AFG282,31/10/2016,Unknown,Dangam and Ghaziabad,Kunar,US strike,0,0,0,-,Insurgents,-,-,2,2,9,9,0,0,0,0,0,0,https://www.thebureauinvestigates.com/2016/01/07/get-the-data-a-list-of-us-air-and-drone-strikes-afghanistan-2016/#288,,288
AFG283,31/10/2016,Unknown ,Unknown ,Unknown,US strike ,0,1,1,-,-,-,-,138,138,0,0,0,0,0,0,0,0,https://www.thebureauinvestigates.com/2016/01/07/get-the-data-a-list-of-us-air-and-drone-strikes-afghanistan-2016/#296,,296
AFG284,03/11/2016,Boz village,Kunduz city,Kunduz,US strike,0,1,0,FP,-,Early morning,Civilian houses ,2,2,58,59,32,33,20,20,53,62,https://www.thebureauinvestigates.com/2016/01/07/get-the-data-a-list-of-us-air-and-drone-strikes-afghanistan-2016/#289,,289
AFG285,04/11/2016,Diwal-i-Surkh,Khak e Safid,Farah,US strike,1,0,0,-,Taliban,Afternoon,-,1,1,5,5,0,0,0,0,0,0,https://www.thebureauinvestigates.com/2016/01/07/get-the-data-a-list-of-us-air-and-drone-strikes-afghanistan-2016/#290,,290
AFG286,09/11/2016,Mamandara area,Achin ,Nangarhar,US strike,1,0,0,-,Taliban and Isis,Late night,-,1,2,11,14,0,0,0,0,0,0,https://www.thebureauinvestigates.com/2016/01/07/get-the-data-a-list-of-us-air-and-drone-strikes-afghanistan-2016/#291,,291
AFG287,11/11/2016,Mamandara and Moragi areas,Achin ,Nangarhar ,US strike ,0,0,0,-,ISIS,Overnight,-,2,2,13,14,0,0,0,0,0,0,https://www.thebureauinvestigates.com/2016/01/07/get-the-data-a-list-of-us-air-and-drone-strikes-afghanistan-2016/#293,,293
AFG288,12/11/2016,Lataband area,Achin,Nangarhar ,US strike,1,0,0,-,ISIS,Late night,-,1,1,13,13,0,0,0,0,0,0,https://www.thebureauinvestigates.com/2016/01/07/get-the-data-a-list-of-us-air-and-drone-strikes-afghanistan-2016/#292,,292
AFG289,18/11/2016,Lagharjoi area,Kot ,Nangarhar ,US strike,1,0,0,-,ISIS,Late night,-,1,1,7,7,0,0,0,0,0,0,https://www.thebureauinvestigates.com/2016/01/07/get-the-data-a-list-of-us-air-and-drone-strikes-afghanistan-2016/#293,,293
AFG290,19/11/2016,Shah Karez,Zumat,Paktia,US strike,1,0,0,-,Taliban,-,-,1,1,1,1,0,0,0,0,2,2,https://www.thebureauinvestigates.com/2016/01/07/get-the-data-a-list-of-us-air-and-drone-strikes-afghanistan-2016/#294,,294
AFG291,20/11/2016,Mamandari ,Achin ,Nangarhar ,US strike,1,0,0,-,ISIS,Late night,-,1,1,2,2,0,0,0,0,0,0,https://www.thebureauinvestigates.com/2016/01/07/get-the-data-a-list-of-us-air-and-drone-strikes-afghanistan-2016/#295,,295
AFG292,27/11/2016,Gorgori,Haska Mena,Nangarhar,US strike,1,0,0,-,ISIS,11am or afternoon,-,1,1,7,7,0,0,0,0,3,3,https://www.thebureauinvestigates.com/2016/01/07/get-the-data-a-list-of-us-air-and-drone-strikes-afghanistan-2016/#297,,297
AFG293,11/12/2016,Langari,Haska Mena,Nangarhar,US strike,1,0,0,-,ISIS,Late,Hideout,1,1,7,7,0,0,0,0,0,0,https://www.thebureauinvestigates.com/2016/01/07/get-the-data-a-list-of-us-air-and-drone-strikes-afghanistan-2016/#298,,298
AFG294,15/12/2016,Kharga ,Haska Mena,Nangarhar,US strike ,1,0,0,-,ISIS,-,-,1,1,4,6,0,0,0,0,0,0,https://www.thebureauinvestigates.com/2016/01/07/get-the-data-a-list-of-us-air-and-drone-strikes-afghanistan-2016/#299,,299
AFG295,15/12/2016,Pekha,Achin,Nangarhar ,US strike ,1,0,0,-,ISIS,-,-,1,1,2,2,0,0,0,0,0,0,https://www.thebureauinvestigates.com/2016/01/07/get-the-data-a-list-of-us-air-and-drone-strikes-afghanistan-2016/#300,,300
AFG296,24/12/2016,Ambarkhani,Bati Kot,Nangarhar,US strike,1,0,0,-,Taliban,-,-,1,1,1,1,0,0,0,0,4,4,https://www.thebureauinvestigates.com/2016/01/07/get-the-data-a-list-of-us-air-and-drone-strikes-afghanistan-2016/#301,,301
AFG297,24/12/2016,Bandar,Achin,Nangarhar,US strike,1,0,0,-,"""Foreign rebels""",-,-,1,1,2,2,0,0,0,0,0,0,https://www.thebureauinvestigates.com/2016/01/07/get-the-data-a-list-of-us-air-and-drone-strikes-afghanistan-2016/#302,,302
AFG298,27/12/2016,Langar Kandaw,Achin,Nangarhar,US strike ,1,0,0,-,ISIS,-,-,1,1,3,3,0,0,0,0,0,0,https://www.thebureauinvestigates.com/2016/01/07/get-the-data-a-list-of-us-air-and-drone-strikes-afghanistan-2016/#303,,303
AFG299,28/12/2016,Papin,Haska Mena,Nangarhar,US strike ,1,0,0,-,ISIS,Early morning,-,1,1,2,2,0,0,0,0,1,1,https://www.thebureauinvestigates.com/2016/01/07/get-the-data-a-list-of-us-air-and-drone-strikes-afghanistan-2016/#304,,304
AFG300,28/12/2016,Gandi-Bagh,Charparhar,Nangarhar ,US strike ,1,0,0,-,Taliban,Night,-,1,1,3,3,0,0,0,0,7,7,https://www.thebureauinvestigates.com/2016/01/07/get-the-data-a-list-of-us-air-and-drone-strikes-afghanistan-2016/#305,,305
AFG301,31/12/2016,-,-,-,US strike,0,1,1,-,-,-,-,453,448,0,0,0,0,0,0,0,0,https://www.thebureauinvestigates.com/2016/01/07/get-the-data-a-list-of-us-air-and-drone-strikes-afghanistan-2016/#307,,307
AFG302,10/01/2017,Aziz Kala,Sabri,Khost,US strike,1,0,0,-,Haqqani,Evening,Car,1,1,4,4,0,0,0,0,0,0,https://www.thebureauinvestigates.com/2017/01/11/get-the-data-a-list-of-us-air-and-drone-strikes-afghanistan-2017/306,https://www.thebureauinvestigates.com/2017/01/11/get-the-data-a-list-of-us-air-and-drone-strikes-afghanistan-2017/,306
AFG303,15/01/2017,Unknown,Musa Qala,Helmand,US strike ,0,0,0,-,Taliban ,-,-,1,1,15,15,0,0,0,0,10,10,https://www.thebureauinvestigates.com/2017/01/11/get-the-data-a-list-of-us-air-and-drone-strikes-afghanistan-2017/308,,308
AFG304,20/01/2017,Bandr Khor ,Achin,Nangarhar ,US strike ,1,0,0,-,ISIS,-,-,1,1,4,6,0,0,0,0,0,0,https://www.thebureauinvestigates.com/2017/01/11/get-the-data-a-list-of-us-air-and-drone-strikes-afghanistan-2017/309,,309
AFG305,27/01/2017,Bandar ,Achin,Nangarhar ,US strike ,1,0,0,-,-,Night,Fighters' positions ,1,1,7,7,0,0,0,0,0,0,https://www.thebureauinvestigates.com/2017/01/11/get-the-data-a-list-of-us-air-and-drone-strikes-afghanistan-2017/311,,311
AFG306,28/01/2017,Unknown,-,Nangarhar,US strike,1,0,0,-,ISIS,-,Hideout,1,1,7,7,0,0,0,0,0,0,https://www.thebureauinvestigates.com/2017/01/11/get-the-data-a-list-of-us-air-and-drone-strikes-afghanistan-2017/310,,310
AFG307,31/01/2017,Unknown,Sangin ,Helmand,US strike,0,1,1,-,Taliban,-,Taliban fighting positions,10,10,0,0,0,0,0,0,0,0,https://www.thebureauinvestigates.com/2017/01/11/get-the-data-a-list-of-us-air-and-drone-strikes-afghanistan-2017/312,,312
AFG308,31/01/2017,-,-,-,US strike,0,1,1,-,-,-,-,96,96,0,0,0,0,0,0,0,0,https://www.thebureauinvestigates.com/2017/01/11/get-the-data-a-list-of-us-air-and-drone-strikes-afghanistan-2017/315,,315
AFG309,01/02/2017,Unknown,Achin,Nangarhar,US strike,1,0,0,-,-,Morning,-,1,2,2,12,0,0,0,0,0,0,https://www.thebureauinvestigates.com/2017/01/11/get-the-data-a-list-of-us-air-and-drone-strikes-afghanistan-2017/313,,313
AFG310,02/02/2017,Unknown,-,Khost ,US strike ,1,0,0,-,-,-,Vehicle,1,1,5,6,0,0,0,0,0,0,https://www.thebureauinvestigates.com/2017/01/11/get-the-data-a-list-of-us-air-and-drone-strikes-afghanistan-2017/314,,314
AFG311,03/02/2017,Unknown,Achin and Haska Mina ,Nangarhar ,US strike ,1,0,0,-,-,-,-,2,2,21,21,0,0,0,0,6,6,https://www.thebureauinvestigates.com/2017/01/11/get-the-data-a-list-of-us-air-and-drone-strikes-afghanistan-2017/316,,316
AFG312,06/02/2017,Kharko area,Garamser ,Helmand,US strike ,0,0,0,-,-,-,-,1,1,6,6,0,0,0,0,0,0,https://www.thebureauinvestigates.com/2017/01/11/get-the-data-a-list-of-us-air-and-drone-strikes-afghanistan-2017/317,,317
AFG313,06/02/2017,Char Wazi area,Haska Mena,Nangarhar,US strike ,1,0,0,-,-,Night,-,1,1,2,2,0,0,0,0,3,3,https://www.thebureauinvestigates.com/2017/01/11/get-the-data-a-list-of-us-air-and-drone-strikes-afghanistan-2017/318,,318
AFG314,08/02/2017,Pekhar Khor area and Nari Oba area,Achin and Haska Mena ,Nangarhar,US strike ,1,1,0,CT,ISIS,-,-,2,2,11,11,0,0,0,0,6,6,https://www.thebureauinvestigates.com/2017/01/11/get-the-data-a-list-of-us-air-and-drone-strikes-afghanistan-2017/319,,319
AFG315,10/02/2017,Unknown,Sangin,Helmand,US strike ,0,1,0,-,-,-,-,2,3,0,68,0,26,0,19,0,6,https://www.thebureauinvestigates.com/2017/01/11/get-the-data-a-list-of-us-air-and-drone-strikes-afghanistan-2017/320,,320
AFG316,11/02/2017,Unknown,Sangin,Helmand,US strike ,0,1,1,-,-,Past week,-,28,28,0,0,0,0,0,0,0,0,https://www.thebureauinvestigates.com/2017/01/11/get-the-data-a-list-of-us-air-and-drone-strikes-afghanistan-2017/321,,321
AFG317,19/02/2017,Unknown,Nawa,Ghazni,US strike ,1,0,0,-,Taliban,-,Hideout ,1,1,1,1,0,0,0,0,2,2,https://www.thebureauinvestigates.com/2017/01/11/get-the-data-a-list-of-us-air-and-drone-strikes-afghanistan-2017/322,,322
AFG318,20/02/2017,Bandar,Achin,Nangarhar ,US strike ,1,0,0,-,-,-,Vehicle ,1,1,12,12,0,0,0,0,0,0,,,323
AFG319,23/02/2017,Umomi Bagh,Garamser,Helmand,US strike ,0,0,0,-,Taliban,-,Gathering,1,1,11,11,0,0,0,0,0,0,,,324
AFG320,26/02/2017,Unknown,Dashti Archi,Kunduz,US strike ,1,1,0,-,Taliban,3.20pm local time ,-,1,1,5,9,0,0,0,0,0,0,,,325
AFG321,27/02/2017,Sangini ,Charparhar,Nangarhar,US strike ,1,0,0,-,Taliban ,Late night,-,1,1,2,2,0,0,0,0,3,3,,,326
AFG322,28/02/2017,Unknown,Unknown ,Unknown ,US strike ,0,1,1,-,-,-,-,118,116,0,0,0,0,0,0,0,0,,,329
AFG323,01/03/2017,Chaknoro,Lal Pura,Nangarhar,US strike,1,0,0,-,-,-,-,1,1,6,6,0,0,0,0,1,1,,,327
AFG324,09/03/2017,Lam,Between Nish and Khakriz districts,Kandahar,US strike,0,0,0,-,-,-,-,1,1,20,20,0,0,0,0,0,0,,,328
AFG325,13/03/2017,Raasni,Gilan,Ghazni,US strike,1,0,0,-,-,-,Vehicles ,1,1,3,3,0,0,0,0,0,0,,,330
AFG326,18/03/2017,Unknown ,Unknown,Nangarhar ,US strike,0,1,1,-,-,-,-,12,12,0,0,0,0,0,0,0,0,,,331
AFG327,18/03/2017,Unknown ,Unknown,Paktika ,US strike,1,1,0,-,-,-,-,2,2,2,2,0,0,0,0,0,0,,,333
AFG328,19/03/2017,Unknown ,Unknown,Nangarhar ,US strike,0,1,1,-,-,-,-,20,20,0,0,0,0,0,0,0,0,,,334
AFG329,19/03/2017,Unknown ,Unknown,Paktika ,US strike,1,1,0,CT,-,-,-,1,1,4,4,0,0,0,0,0,0,,,332
AFG330,31/03/2017,Unknown ,Unknown,Unknown,US strike,0,0,0,-,-,-,-,138,138,0,0,0,0,0,0,0,0,,,346
AFG331,04/04/2017,Unknown ,Achin,Nangarhar ,US strike,0,0,0,-,ISIS,-,-,1,2,3,3,3,3,2,2,4,4,,,367
AFG332,09/04/2017,Unknown ,Narkh,Maidan Wardak,US strike,1,0,0,-,-,-,-,1,1,6,6,0,0,0,0,0,0,,,333
AFG333,13/04/2017,Unknown,Achin,Nangarhar,US strike,0,1,0,-,ISIS,7.32pm local time,Tunnels,1,1,36,100,0,0,0,0,0,0,,,334
AFG334,15/04/2017,Unknown,Achin,Nangarhar,US strike,1,0,0,-,ISIS,-,Vehicle ,1,1,0,2,0,0,0,0,0,0,,,335
AFG335,17/04/2017,Unknown,Archi,Kunduz ,US strike,0,1,0,-,Taliban,-,Compound,1,1,9,16,0,0,0,0,0,0,,,336
AFG336,25/04/2017,Pangram area,Charkh district,Logar ,US strike,1,0,0,-,-,Morning,Vehicle ,1,1,2,2,0,0,0,0,5,5,,,337
AFG337,26/04/2017,Unknown,Unknown,Nangarhar ,US and Afghan raid with US strikes ,0,1,1,-,ISIS,10.30pm local time,Compound ,2,2,36,36,0,0,0,0,0,0,,,339
AFG338,27/04/2017,Unknown,Unknown, Maidan Wardak,US strike,1,0,0,-,Taliban ,-,-,1,1,1,1,0,0,0,0,0,0,,,338
AFG339,30/04/2017,Unknown,Unknown,Unknown,Unknown,0,0,0,-,-,-,-,440,438,0,0,0,0,0,0,0,0,,,347
AFG340,30/04/2017,Yakhchal area,Greshk,Helmand,US strike ,0,0,0,-,-,Morning ,-,1,2,7,7,0,0,0,0,0,0,,,339
AFG341,05/05/2017,Unknown,Unknown,Nangarhar ,US strike ,1,0,0,-,ISIS,-,-,1,1,8,8,0,0,0,0,0,0,,,340
AFG342,06/05/2017,Unknown,Maidan Shahr,Maidan Wardak,US strike ,1,0,0,-,Taliban,-,Insurgent hideout ,1,1,5,6,0,0,0,0,6,6,,,341
AFG343,08/05/2017,Unknown,Unknown,Paktia ,US strike ,0,0,0,-,-,-,Insurgent hideout ,2,2,0,50,0,0,0,0,0,6,,,342
AFG344,18/05/2017,Omarzo area,Garamser ,Helmand,US strike ,0,0,0,-,-,-,Insurgent hideouts ,1,1,14,14,0,0,0,0,8,8,,,343
AFG345,18/05/2017,Kamarbandi area,Garamser ,Helmand,US strike ,0,0,0,-,-,-,Two vehicles,1,1,9,9,0,0,0,0,0,0,,,344
AFG346,26/05/2017,Unknown ,Chardara,Kunduz ,US strike ,1,0,0,-,Taliban ,-,Hideout ,1,2,4,13,0,0,0,0,0,0,,,345
AFG347,29/05/2017,Spina Zhai,Nazian ,Nangarhar,US strike ,1,0,0,-,ISIS,-,-,1,1,3,4,0,0,0,0,0,0,,,347
AFG348,30/05/2017,Mullah Qali area,Dasht e Archi,Kunduz ,US strike ,1,0,0,-,Taliban,Early morning,Hideout ,1,1,7,7,0,0,0,0,0,0,,,346
AFG349,31/05/2017,Outskirts of Tarin Kot city,Tarin Kot ,Uruzgan,US strike ,0,0,0,-,Taliban,Late night,-,1,1,25,25,0,0,0,0,20,20,,,348
AFG350,31/05/2017,Unknown,Unknown,Unknown,US strike ,0,1,1,-,-,-,-,388,387,0,0,0,0,0,0,0,0,,,347
AFG351,03/06/2017,Unknown,Achin ,Nangarhar ,US strike ,0,1,1,-,ISIS,-,"""media production hub""",1,1,1,1,0,0,0,0,0,0,,,351
AFG352,08/06/2017,Nargose and Chenar area,Kot ,Nangarhar ,US strike ,0,0,0,-,ISIS,-,-,2,2,10,10,0,0,0,0,0,0,,,349
AFG353,09/06/2017,Loy Bagh ,Nad Ali,Helmand,US strike,0,1,0,-,-,-,-,1,1,2,10,0,0,0,0,0,16,,,350
AFG354,22/06/2017,Unknown,Unknown ,Nangarhar ,US strike ,0,1,1,-,-,-,-,9,9,0,0,0,0,0,0,0,0,,,352
AFG355,29/06/2017,Unknown,Manogi,Kunar,US strike,1,1,0,CT,ISIS,Late night,-,1,1,3,3,0,0,0,0,1,1,,,353
AFG356,29/6/2017,Farooj,Khas,Uruzgan,US strike,1,1,0,SE,Taliban,-,-,1,1,2,4,0,0,0,0,0,3,,,366
AFG357,30/6/2017,Unknown,Unknown,Unknown,US strike ,0,1,1,-,-,-,-,292,292,0,0,0,0,0,0,0,0,,,361
AFG358,01/07/2017,Unknown,Achin,Nangarhar,US strike,1,1,0,"20 SE, 7 FP",IS,-,-,27,27,11,11,0,0,0,0,0,0,,,367
AFG359,01/07/2017,Merkikhel,Sherzad,Nangarhar,US strike,1,1,0,FP,Taliban,2100,Two VBIED,1,1,4,4,0,0,0,0,0,0,,,358
AFG360,02/07/2017,"Ainak, Loykahal, Zhawar Sahib",Nawar,Helmand,US strike,1,1,0,-,Taliban,Night,"18 motorbikes and four cars, or two cars",1,3,1,42,0,0,0,0,0,36,,,360
AFG361,02/07/2017,"Zabar village, Gropshash area",Nad Ali,Helmand,US strike,0,1,0,-,Taliban,Noon,-,1,1,15,15,0,0,0,0,9,9,,,361
AFG362,07/07/2017,Oghz,Haska Mena,Nangarhar,US strike,1,0,0,-,ISIS,-,-,1,1,14,14,0,0,0,0,11,11,,,364
AFG363,08/07/2017,Mamozo area,Zurmat,Paktia ,US strike,1,0,0,-,-,Night,-,1,1,7,7,0,0,0,0,0,0,,,362
AFG364,08/07/2017,Dawlatzai,Zurmat,Paktia,US strike,0,0,0,-,Taliban,Night,Hit during a clash between ANSF and Taliban ,1,1,7,16,0,1,0,0,0,0,,,364
AFG365,09/07/2017,Amber ,Qaghayio,Laghman,US strike,1,0,0,-,Taliban,-,-,1,1,2,2,0,0,0,0,0,0,,,363
AFG366,11/07/2017,Janat Bagh,Khan Abad,Kunduz ,US strike,0,0,0,-,Taliban,Overnight,Hideout ,1,1,5,5,0,0,0,0,1,1,,,365
AFG367,11/07/2017,Unknown,Unknown,Kunar ,US strike,1,1,0,CT,ISIS,-,ISIS HQ in Kunar,1,1,5,11,0,0,0,0,0,0,,,366
AFG368,14/07/2017,Mashwani,Bati Kot,Nangarhar,US strike,1,0,0,-,Taliban ,Night,Car,1,1,8,8,0,0,0,0,0,0,,,368
AFG369,15/07/2017,Nawa,Nawa district ,Helmand,US strike,0,1,1,-,Taliban,-,-,2,2,0,38,0,0,0,0,0,0,,,369
AFG370,20/07/2017,Unknown,Watapur,Helmand,US strike,1,0,0,-,Taliban,Overnight ,-,1,1,4,4,0,0,0,0,0,0,,,370
AFG371,20/07/2017,Unknown ,Gereshk ,Helmand,US strike,0,1,1,-,-,-,-,10,10,0,0,0,0,0,0,0,0,,,373
AFG372,21/07/2017,Unknown ,Gereshk ,Helmand,US strike,0,1,1,-,Friendly fire ,Afternoon,Compound,1,1,9,16,0,0,0,0,2,2,,,371
AFG373,21/07/2017,Unknown ,Unknown,Helmand,US strike,0,1,1,-,-,-,-,42,42,0,0,0,0,0,0,0,0,,,374
AFG374,23/07/2017, Meyaje Baba,Haska Mena,Nangarhar,US strike,1,0,0,-,ISIS,3pm local time,ISIS fighters,1,1,0,33,0,8,0,2,0,25,,,372
AFG375,31/07/2017,Talona ,Watupur ,Kunar,US strike,1,0,0,-,ISIS,11am local time,ISIS hideout,1,1,7,7,0,0,0,0,0,0,,,375
AFG376,31/07/2017,Unknown,Unknown,Unknown,US strike,0,1,1,"210 SE, 118 FP, 30 CT",-,-,-,263,261,0,0,0,0,0,0,0,0,,,376
AFG377,04/08/2017,Piri,Musa Khil,Khost,US strike,0,0,0,-,Taliban,Late evening ,Taliban hiedout,1,1,50,50,0,0,0,0,3,3,,,378
AFG378,05/08/2017,Aigal area ,Chapa Dara,Kunar ,US strike ,1,0,0,-,ISIS,Night,ISIS hideout ,1,1,3,3,0,0,0,0,0,0,,,377
AFG379,07/08/2017,Unknown ,Gilan ,Ghazni,US strike ,1,0,0,-,Taliban ,Night ,Vehicle ,1,1,2,7,0,0,0,0,0,4,,,379
AFG380,09/08/2017,Masoom area,Alishang district,Laghman,US strike ,1,0,0,-,Taliban ,2100 local time,-,1,1,8,8,0,0,0,0,0,0,,,380
AFG381,10/08/2017,Unknown,Haska Mena,Nangarhar,US strike,0,1,0,-,-,Evening,Vehicle ,1,2,0,21,0,16,0,2,0,3,,,381
AFG382,10/08/2017,Unknown,Darah Ye Pech ,Kunar,US strike ,0,1,1,-,IS-K,-,-,1,1,4,4,0,0,0,0,0,0,,,382
AFG383,11/08/2017,Unknown,Unknown,Maidan Wardak,US strike ,1,0,0,-,-,-,Vehicle and motorcycle/s,1,1,9,9,0,0,0,0,0,0,,,383
AFG384,12/08/2017,Shorshorak,Nawa,Helmand,US strike ,0,0,0,-,-,Night,Car with weapons and explosives,1,1,5,5,0,0,0,0,0,0,,,384
AFG385,16/08/2017,Makrana,Achin,Nangarhar,US strike ,1,0,0,-,IS-K,Late,Hideouts ,1,3,45,54,0,0,0,0,0,0,,,385
AFG386,21/08/2017,Marghi,Achin,Nangarhar,US strike ,1,0,0,-,IS-K,Late,-,1,1,6,6,0,0,0,0,0,0,,,387
AFG387,24/08/2017,Unknown,Shah Walikot,Kandahar,US strike ,0,0,0,-,-,Night,-,1,1,42,42,0,0,0,0,17,17,,,386
AFG388,28/08/2017,"Mamand Dara, Marghay and Owsatkhan",Achin,Nangarhar ,US strike ,1,0,0,-,IS-K,Late,Hideouts,3,3,14,14,0,0,0,0,0,0,,,388
AFG389,30/08/2017,Unknown,Pul e 'Alam ,Logar,US strike ,0,1,1,-,-,Morning,-,1,1,0,32,0,32,0,2,0,12,,,389
AFG390,31/08/2017,Unknown,Unknown,Unknown,US strike ,0,1,1,"17 CT, 60 FP and 310 SE",-,-,-,372,369,0,0,0,0,0,0,0,0,,,390
AFG391,04/09/2017,Jarji village ,Qarabagh ,Kabul,"US strike, possibly helicopter strike",0,1,1,-,-,-,-,1,1,0,2,0,2,0,0,0,3,,,394
AFG392,04/09/2017,Chapa Dara,Manogi,Kunar,US strike ,1,0,0,-,IS-K,Night,Hideouts,1,1,12,12,0,0,0,0,0,0,,,392
AFG393,05/09/2017,Zenikhel,Nadir Shahwali Kot,Khost,US strike ,1,0,0,-,Taliban,Evening ,-,1,1,6,6,0,0,0,0,1,1,,,391
AFG394,09/09/2017,Unknown,Unknown ,Kunar,US strike ,0,0,0,-,-,-,-,1,1,1,1,0,0,0,0,0,0,,,393
AFG395,18/09/2017,Unknown ,Bala Balook,Farah,US strike ,0,0,0,-,Taliban,Afternoon,-,2,2,0,15,0,0,0,0,0,3,,,396
AFG396,20/09/2017,Batash Dari,Nari,Kunar,US strike ,1,0,0,-,IS-K,-,Hideouts,1,1,11,11,0,0,0,0,0,0,,,394
AFG397,21/09/2017,Sawki,Ghazi Abad ,Kunar,US strike ,1,0,0,-,IS-K,-,-,1,1,7,7,0,0,0,0,0,0,,,395
AFG398,24/09/2017,Unknown,Haska Mena,Nangarhar,US strike,1,0,0,-,IS-K,-,Vehicle,1,1,5,5,0,0,0,0,0,0,,,396
AFG399,27/09/2017,Vicinity of Hamid Karzai airport,Kabul ,Kabul ,US strike,0,1,1,-,-,-,-,1,1,0,4,0,0,0,0,5,11,,,396
AFG400,27/09/2017,Unknown ,Haska Mena,Nangarhar,US strike,1,0,0,-,IS-K,Evening ,Group of suspected IS-K,1,1,5,5,0,0,0,0,0,0,,,397
AFG401,29/09/2017,Unknown ,Nazian,Nangarhar,US strike,1,0,0,-,IS-K,Night ,-,1,1,15,15,0,0,0,0,0,0,,,398
AFG402,30/09/2017,Unknown ,Unknown ,Unknown ,US strike,0,1,1,-,-,-,-,200,200,0,0,0,0,0,0,0,0,,,404
AFG403,10/10/2017,Ghol Pala,Raghistan,Badakhshan,US strike,1,0,0,-,-,Night,Hideouts,1,1,0,8,0,0,0,0,0,15,,,399
AFG404,10/10/2017,Unknown,Bati Kot ,Nangarhar ,US strike,1,0,0,-,Taliban ,Night ,-,1,1,2,2,0,0,0,0,0,0,,,400
AFG405,11/10/2017,Unknown,Haska Mena,Nangarhar ,US strike,1,0,0,-,IS-K,-,Hideout,1,1,4,4,0,0,0,0,0,0,,,401
AFG406,11/10/2017,Bokra area,Syed Karim,Paktia,US strike ,0,0,0,-,Taliban,-,Base,1,1,11,11,0,0,0,0,2,2,,,402
AFG407,11/10/2017,Wach Ghrak area,Ahmadabad,Paktia,US strike ,0,0,0,-,-,-,-,1,1,4,4,0,0,0,0,3,3,,,403
AFG408,12/10/2017,Unknown ,Unknown,Kunar,US strike ,1,0,0,-,-,Evening,-,1,1,0,20,0,0,0,0,0,0,,,405
AFG409,16/10/2017,Unknown,Jaji Maydan,Paktia ,US strike ,0,1,1,CT,-,-,-,2,2,0,0,0,0,0,0,0,0,,,406
AFG410,19/10/2017,Unknown,"Maiwand
",Kandahar,US strike ,1,1,1,CT,-,-,-,1,1,0,0,0,0,0,0,0,0,,,407
AFG411,20/10/2017,Mamand,Achin ,Nangarhar ,US strike ,1,0,0,-,IS-K,-,-,1,2,10,10,0,0,0,0,0,0,,,408
AFG412,04/11/2017,Unknown,Chardara ,Kunduz,US strike ,0,0,0,-,-,Morning,-,1,1,10,80,10,55,0,0,0,10,,,409
AFG413,04/11/2017,Unknown,Achin ,Nangarhar ,US strike ,1,0,0,-,IS-K,Evening ,-,1,1,15,15,0,0,0,0,0,0,,,410
AFG414,05/11/2017,Kohsin,Sayed Karam,Paktia,US strike ,1,0,0,-,Taliban,Early morning ,-,1,1,4,4,0,0,0,0,7,7,,,411
AFG415,05/11/2017,Unknown,Sayed Karam,Paktia ,US strike ,1,0,0,-,-,-,-,1,1,4,4,0,0,0,0,0,0,,,412
AFG416,13/11/2017,Mamand Dara,Achin ,Nangarhar ,US strike ,1,0,0,-,IS-K,-,-,1,1,4,4,0,0,0,0,0,0,,,413
AFG417,14/11/2017,Camp Khalid area,Sangin,Helmand,US strike ,0,0,0,-,Taliban,-,Vehicle ,1,1,6,6,0,6,0,0,0,0,,,414
AFG418,19/11/2017,Unknown ,Unknown ,Helmand ,US strike ,0,1,1,-,-,-,Drug labs,8,8,0,0,0,0,0,0,0,0,,,415
AFG419,21/11/2017,Unknown ,Unknown ,Helmand ,US strike ,0,1,1,-,-,Night and morning ,Narcotics market,8,8,0,44,0,0,0,0,0,0,,,416
AFG420,27/11/2017,Sala Kas,Haska Mena,Nangarhar,US strike ,1,0,0,-,-,-,Hideout,1,1,7,7,0,0,0,0,0,0,,,417
AFG421,28/11/2017,Unknown,Azra,Logar,US strike,0,0,0,-,-,1300 local time,Gathering,1,1,7,7,0,0,0,0,0,0,,,421
AFG422,29/11/2017,Mamand Margha,Achin,Nangarhar ,US strike ,1,0,0,-,-,-,-,1,2,8,8,0,0,0,0,0,0,,,418
AFG423,01/12/2017,Wazir Tangi ,Khogyani ,Nangarhar ,US strike ,1,0,0,-,-,-,Compound/Hideout,1,1,4,4,0,0,0,0,8,8,,,419
AFG424,01/12/2017,Unknown,Musa Qala,Helmand ,US strike ,0,1,1,-,Taliban,-,Vehicle ,1,1,5,5,0,0,0,0,0,0,,,422
AFG425,02/12/2017,Unknown,Achin,Nangarhar ,US strike ,1,0,0,-,-,-,-,1,1,8,8,0,0,0,0,0,0,,,420
AFG426,03/12/2017,Peshogan and Abdul Khel areas,Achin,Nangarhar ,US strike ,1,0,0,-,-,-,-,2,2,8,8,0,0,0,0,0,0,,,421
AFG427,04/12/2017,Unknown,Between Musa Qala and Greskh,Helmand ,US strike ,0,0,0,-,Taliban,Late,-,1,1,6,6,0,0,0,0,0,0,,,422
AFG428,05/12/2017,Unknown,Achin,Nangarhar ,US strike ,1,0,0,-,ISIS,-,Hideout,1,1,25,25,0,0,0,0,0,0,,,423
AFG429,07/12/2017,Unknown,Unknown,Helmand ,US strike ,0,1,1,-,Taliban ,-,"""Taliban narcotics production facilities""",3,3,0,0,0,0,0,0,0,0,,,424
AFG430,08/12/2017,Unknown,Unknown,Helmand ,US strike (HIMARS),0,1,1,-,Taliban,-,"""Taliban narcotics production facilities""",1,1,0,0,0,0,0,0,0,0,,,425
AFG431,09/12/2017,Zabzak,Tarin Kot,Uruzgan,US strike ,0,0,0,-,Taliban ,-,-,1,1,8,8,0,0,0,0,3,3,,,426
AFG432,28/12/2017,Unknown,Unknown ,Nangarhar ,US strike ,1,0,0,-,ISIS,-,-,1,1,8,8,0,0,0,0,3,3,,,427
AFG433,30/12/2017,Kas,Deh Bala,Nangarhar,US strike ,1,0,0,-,ISIS,-,Men with horses loaded with weapons,1,1,3,3,0,0,0,0,0,0,,,428
AFG434,11/01/2018,Unknown ,Achin,Nangarhar,US strike ,0,0,0,-,-,-,-,1,1,8,13,0,0,0,0,0,0,,,429
AFG435,14/01/2018,Unknown,Want Waigal,Nuristan,US strike ,1,0,0,-,ISIS,Night,Hideout,1,1,3,3,0,0,0,0,0,0,,,430
AFG436,20/01/2018,Unknown ,Barmal,Paktika,US strike ,0,0,0,-,Taliban,Night ,Hideout,1,1,14,14,0,0,0,0,0,0,,,431
AFG437,20/01/2018,Unknown ,Nika ,Paktika,US strike ,0,0,0,-,Taliban ,Night ,Hideout,1,1,50,50,0,0,0,0,0,0,,,432
AFG438,30/01/2018,Attal,Andar ,Ghazni,US strike ,1,0,0,-,Taliban ,Afternoon ,Meeting ,1,2,26,26,0,0,0,0,20,22,,,433
AFG439,02/02/2018,Unknown,Unknown,Helmand,US strike ,0,1,1,-,Taliban,- ,"""Taliban narcotics factory""",1,1,0,0,0,0,0,0,0,0,,,434
AFG440,04/02/2018,Unknown ,Unknown ,Badakhshan,US strike ,0,1,1,-,Taliban,-,"""Taliban training camp""",1,1,0,0,0,0,0,0,0,0,,,435
AFG441,04/02/2018,Unknown ,Unknown ,Badakhshan,US strike ,0,1,1,-,Taliban,-,"""Taliban training camp""",1,1,0,0,0,0,0,0,0,0,,,436
AFG442,16/02/2018,Degal,Chapa Dara,Kunar ,US strike ,1,0,0,-,ISIS,Late,-,1,1,7,7,0,0,0,0,0,0,,,437