Strike ID,Date,Location,Province,Type of attack,"Confirmed/
possible US attack?",Air operation?,Drone strike,Minimum number of strikes,Maximum number of strikes,Minimum people killed,Maximum people killed,Minimum civilians reported killed,Maximum civilians reported killed,Minimum children reported killed,Maximum children reported killed,Minimum people injured,Maximum people injured,Strike link,,Index
YEM001,03/11/2002,Unknown,Marib,Drone strike,Confirmed,1,1,1,1,6,6,0,0,0,0,0,0,www.thebureauinvestigates.com/2012/03/29/yemen-reported-us-covert-actions-since-2001/#YEM001,www.thebureauinvestigates.com/2012/03/29/yemen-reported-us-covert-actions-since-2001/#,1
YEM002,17/12/2009,Al Majala,Abyan,Cruise missile strike,Confirmed,0,0,1,1,55,58,44,44,21,22,9,9,www.thebureauinvestigates.com/2012/03/29/yemen-reported-us-covert-actions-since-2001/#YEM002,,2
YEM003,17/12/2009,Arhab,Sanaa,"US-Yemen ground operation
Possible drone strike",Confirmed,0,0,1,1,0,0,0,0,0,0,0,0,www.thebureauinvestigates.com/2012/03/29/yemen-reported-us-covert-actions-since-2001/#YEM003,,3
YEM004,24/12/2009,Rafd,Shabwa,"Airstrike
Possible cruise missile strike",Confirmed,1,0,1,1,30,34,0,0,0,0,0,0,www.thebureauinvestigates.com/2012/03/29/yemen-reported-us-covert-actions-since-2001/#YEM004,,4
YEM005,12/01/2010,Unknown,Shabwa,"Yemen ground operation
Possible US assistance",Possible,0,0,1,1,1,2,0,0,0,0,0,0,www.thebureauinvestigates.com/2012/03/29/yemen-reported-us-covert-actions-since-2001/#YEM005,,5
YEM006,15/01/2010,Al Ajashir,Saada,Airstrike,Possible,1,0,1,1,0,6,0,0,0,0,0,0,www.thebureauinvestigates.com/2012/03/29/yemen-reported-us-covert-actions-since-2001/#YEM006,,6
YEM007,20/01/2010,Erq al Shawan,Marib,Airstrike,Possible,1,0,4,4,2,2,0,0,0,0,0,0,www.thebureauinvestigates.com/2012/03/29/yemen-reported-us-covert-actions-since-2001/#YEM007,,7
YEM008,31/01/2010,N/A,Across Yemen,US ground operations,Possible,0,0,24,24,0,0,0,0,0,0,0,0,www.thebureauinvestigates.com/2012/03/29/yemen-reported-us-covert-actions-since-2001/#YEM008,,8
YEM009,14/03/2010,"Jeezat al Qotn
Moudia district",Abyan,Airstrike,Confirmed,1,0,1,1,2,3,0,0,0,0,0,0,www.thebureauinvestigates.com/2012/03/29/yemen-reported-us-covert-actions-since-2001/#YEM009,,9
YEM010,15/03/2010,Moudia,Abyan,Airstrike,Possible,1,0,1,1,7,20,0,20,0,0,0,0,www.thebureauinvestigates.com/2012/03/29/yemen-reported-us-covert-actions-since-2001/#YEM010,,10
YEM011,24/05/2010,Unknown,Marib,Airstrike,Confirmed,1,0,1,1,3,4,3,4,0,0,2,3,www.thebureauinvestigates.com/2012/03/29/yemen-reported-us-covert-actions-since-2001/#YEM011,,11
YEM012,05/05/2011,Unknown,Shabwa,"Drone strike
Airstrike with US conventional aircraft",Confirmed,1,1,1,1,2,2,0,0,0,0,0,0,www.thebureauinvestigates.com/2012/03/29/yemen-reported-us-covert-actions-since-2001/#YEM012,,12
YEM013,03/06/2011,Zinjibar,Abyan,Drone strike,Confirmed,1,1,1,1,7,7,4,4,0,0,0,0,www.thebureauinvestigates.com/2012/03/29/yemen-reported-us-covert-actions-since-2001/#YEM013,,13
YEM014,10/06/2011,Zinjibar,Abyan,"Airstrike
Possible drone strike",Possible,1,1,1,1,1,1,0,0,0,0,0,0,www.thebureauinvestigates.com/2012/03/29/yemen-reported-us-covert-actions-since-2001/#YEM014,,14
YEM015,10/06/2011,Raia,Abyan,"Airstrike
Possible drone strike",Possible,1,1,1,3,2,3,2,3,1,1,0,1,www.thebureauinvestigates.com/2012/03/29/yemen-reported-us-covert-actions-since-2001/#YEM015,,15
YEM016,18/06/2011,Jaar,Abyan,"Airstrike
Possible drone strike",Possible,1,1,1,1,0,0,0,0,0,0,6,6,www.thebureauinvestigates.com/2012/03/29/yemen-reported-us-covert-actions-since-2001/#YEM016,,16
YEM017,14/07/2011,"Wadeea district
Mudiya",Abyan,Drone strike,Confirmed,1,1,1,1,6,50,30,30,0,0,0,0,www.thebureauinvestigates.com/2012/03/29/yemen-reported-us-covert-actions-since-2001/#YEM017,,17
YEM018,14/07/2011,Unknown,Abyan,Drone strike,Possible,1,1,1,1,0,0,0,0,0,0,0,0,www.thebureauinvestigates.com/2012/03/29/yemen-reported-us-covert-actions-since-2001/#YEM018,,18
YEM019,27/07/2011,"Karadeef
Zinjibar",Abyan,"Airstrike
Possible drone strike",Possible,1,1,1,1,5,5,0,0,0,0,0,0,www.thebureauinvestigates.com/2012/03/29/yemen-reported-us-covert-actions-since-2001/#YEM019,,19
YEM020,01/08/2011,Al Khamila,Abyan,"Drone strike
Possible Yemen Air Force airstrike",Confirmed,1,1,2,4,13,16,0,0,0,0,12,17,www.thebureauinvestigates.com/2012/03/29/yemen-reported-us-covert-actions-since-2001/#YEM020,,20
YEM021,24/08/2011,Zinjibar,Abyan,Airstrike,Possible,1,0,1,1,30,30,0,0,0,0,40,40,www.thebureauinvestigates.com/2012/03/29/yemen-reported-us-covert-actions-since-2001/#YEM021,,21
YEM022,24/08/2011,Arkoub,Abyan,"Airstrike
Possible drone strike",Possible,1,1,1,1,6,6,0,0,0,0,0,0,www.thebureauinvestigates.com/2012/03/29/yemen-reported-us-covert-actions-since-2001/#YEM022,,22
YEM023,25/08/2011,Wadi Hassan,Abyan,Airstrike,Possible,1,0,1,1,8,8,0,0,0,0,3,3,www.thebureauinvestigates.com/2012/03/29/yemen-reported-us-covert-actions-since-2001/#YEM023,,23
YEM024,31/08/2011,Unknown,Abyan,Airstrike,Confirmed,1,0,2,2,30,30,0,0,0,0,0,0,www.thebureauinvestigates.com/2012/03/29/yemen-reported-us-covert-actions-since-2001/#YEM024,,24
YEM025,05/09/2011,Jaar,Abyan,Airstrike,Possible,1,0,1,1,3,7,3,7,0,0,4,4,www.thebureauinvestigates.com/2012/03/29/yemen-reported-us-covert-actions-since-2001/#YEM025,,25
YEM026,05/09/2011,Jaar,Abyan,Airstrike,Possible,1,0,2,2,9,11,1,1,1,1,2,2,www.thebureauinvestigates.com/2012/03/29/yemen-reported-us-covert-actions-since-2001/#YEM026,,26
YEM027,07/09/2011,Mahfed,Abyan,Drone strike,Confirmed,1,1,2,3,3,10,0,0,0,0,2,24,www.thebureauinvestigates.com/2012/03/29/yemen-reported-us-covert-actions-since-2001/#YEM027,,27
YEM028,21/09/2011,Mahfed,Abyan,Drone strike,Confirmed,1,1,1,1,4,4,0,0,0,0,0,0,www.thebureauinvestigates.com/2012/03/29/yemen-reported-us-covert-actions-since-2001/#YEM028,,28
YEM029,21/09/2011,Shaqra,Abyan,Airstrike,Possible,1,0,1,1,6,7,0,0,0,0,3,3,www.thebureauinvestigates.com/2012/03/29/yemen-reported-us-covert-actions-since-2001/#YEM029,,29
YEM030,30/09/2011,Unknown,Jawf,Drone strike,Confirmed,1,1,1,1,4,4,0,0,0,0,0,0,www.thebureauinvestigates.com/2012/03/29/yemen-reported-us-covert-actions-since-2001/#YEM030,,30
YEM031,05/10/2011,Al Arqoub,Abyan,"Airstrike
Possible drone strike",Possible,1,1,1,1,5,5,0,0,0,0,7,7,www.thebureauinvestigates.com/2012/03/29/yemen-reported-us-covert-actions-since-2001/#YEM031,,31
YEM032,14/10/2011,Azzan,Shabwa,Drone strike,Confirmed,1,1,1,1,0,0,0,0,0,0,0,0,www.thebureauinvestigates.com/2012/03/29/yemen-reported-us-covert-actions-since-2001/#YEM032,,32
YEM033,14/10/2011,Azzan,Shabwa,Drone strike,Confirmed,1,1,1,1,7,9,2,2,2,2,0,0,www.thebureauinvestigates.com/2012/03/29/yemen-reported-us-covert-actions-since-2001/#YEM033,,33
YEM034,14/10/2011,Unknown,Southern Yemen,"Airstrike
Possible drone strike",Possible,1,1,1,1,15,17,0,0,0,0,0,0,www.thebureauinvestigates.com/2012/03/29/yemen-reported-us-covert-actions-since-2001/#YEM034,,34
YEM035,14/10/2011,Azzan,Shabwa,"Airstrike
Possible drone strike",Possible,1,1,1,1,2,2,1,2,1,1,0,0,www.thebureauinvestigates.com/2012/03/29/yemen-reported-us-covert-actions-since-2001/#YEM035,,35
YEM036,22/12/2011,Zinjibar,Abyan,"Airstrike
Possible drone strike",Possible,1,1,1,1,1,1,0,0,0,0,0,0,www.thebureauinvestigates.com/2012/03/29/yemen-reported-us-covert-actions-since-2001/#YEM036,,36
YEM037,31/01/2012,Lawder,Abyan,Drone strike,Confirmed,1,1,1,1,10,14,0,0,0,0,0,0,www.thebureauinvestigates.com/2012/05/08/yemen-reported-us-covert-action-2012/#YEM037,www.thebureauinvestigates.com/2012/05/08/yemen-reported-us-covert-action-2012/#,37
YEM038,31/01/2012,Unknown,Abyan,Airstrike,Confirmed,1,0,3,3,0,0,0,0,0,0,0,0,www.thebureauinvestigates.com/2012/05/08/yemen-reported-us-covert-action-2012/#YEM038,,38
YEM039,09/03/2012,Unknown,Bayda,Drone strike,Confirmed,1,1,1,1,23,34,2,2,0,0,0,55,www.thebureauinvestigates.com/2012/05/08/yemen-reported-us-covert-action-2012/#YEM039,,39
YEM040,10/03/2012,Jaar and Zinjibar,Abyan,Drone strike,Confirmed,1,1,2,2,24,24,0,0,0,0,0,0,www.thebureauinvestigates.com/2012/05/08/yemen-reported-us-covert-action-2012/#YEM040,,40
YEM041,11/03/2012,"Jebel Khanfar
Near Jaar",Abyan,Drone strike,Confirmed,1,1,1,1,3,6,0,0,0,0,0,0,www.thebureauinvestigates.com/2012/05/08/yemen-reported-us-covert-action-2012/#YEM041,,41
YEM042,13/03/2012,Unknown,Bayda,Drone strike,Confirmed,1,1,1,7,4,5,0,0,0,0,0,0,www.thebureauinvestigates.com/2012/05/08/yemen-reported-us-covert-action-2012/#YEM042,,42
YEM043,18/03/2012,Zinjibar,Abyan,"Airstrike
Possible naval bombardment
Possible drone strike",Possible,1,1,1,2,14,18,0,0,0,0,0,0,www.thebureauinvestigates.com/2012/05/08/yemen-reported-us-covert-action-2012/#YEM043,,43
YEM044,18/03/2012,Jaar,Abyan,Airstrike,Possible,1,0,1,1,8,8,0,0,0,0,0,0,www.thebureauinvestigates.com/2012/05/08/yemen-reported-us-covert-action-2012/#YEM044,,44
YEM045,22/03/2012,Zinjibar,Abyan,"Drone strike
Possible naval bombardment",Confirmed,1,1,3,4,29,30,0,0,0,0,24,24,www.thebureauinvestigates.com/2012/05/08/yemen-reported-us-covert-action-2012/#YEM045,,45
YEM046,30/03/2012,Azzan,Shabwa,Drone strike,Confirmed,1,1,2,2,5,5,1,1,0,0,6,9,www.thebureauinvestigates.com/2012/05/08/yemen-reported-us-covert-action-2012/#YEM046,,46
YEM047,07/04/2012,Unknown,Shabwa,Drone strike,Confirmed,1,1,1,1,0,8,0,0,0,0,0,0,www.thebureauinvestigates.com/2012/05/08/yemen-reported-us-covert-action-2012/#YEM047,,47
YEM048,08/04/2012,Unknown,Abyan,"Airstrike - joint Yemeni and US
Possible drone strike",Possible,1,1,2,2,16,16,0,0,0,0,0,0,www.thebureauinvestigates.com/2012/05/08/yemen-reported-us-covert-action-2012/#YEM048,,48
YEM049,11/04/2012,Lawder,Abyan,"Airstrike
Possible drone strike",Possible,1,1,1,1,10,14,0,0,0,0,10,10,www.thebureauinvestigates.com/2012/05/08/yemen-reported-us-covert-action-2012/#YEM049,,49
YEM050,14/04/2012,Al Zahir,Bayda,Drone strike,Confirmed,1,1,1,1,3,7,0,0,0,0,0,0,www.thebureauinvestigates.com/2012/05/08/yemen-reported-us-covert-action-2012/#YEM050,,50
YEM051,16/04/2012,Azzan,Shabwa,Drone strike,Confirmed,1,1,1,5,5,7,0,0,0,0,0,0,www.thebureauinvestigates.com/2012/05/08/yemen-reported-us-covert-action-2012/#YEM051,,51
YEM052,18/04/2012,Lawder and Jaar,Abyan,"Airstrike
Possible drone strike",Possible,1,1,1,3,6,10,0,0,0,0,0,0,www.thebureauinvestigates.com/2012/05/08/yemen-reported-us-covert-action-2012/#YEM052,,52
YEM053,21/04/2012,Lawder,Abyan,"Airstrike
Possible drone strike",Possible,1,1,2,2,12,17,0,0,0,0,0,5,www.thebureauinvestigates.com/2012/05/08/yemen-reported-us-covert-action-2012/#YEM053,,53
YEM054,22/04/2012,Sanda,Marib,Drone strike,Confirmed,1,1,1,1,4,4,0,0,0,0,0,0,www.thebureauinvestigates.com/2012/05/08/yemen-reported-us-covert-action-2012/#YEM054,,54
YEM055,23/04/2012,Nasab,Shabwa,"Airstrike
Possible drone strike",Confirmed,1,1,1,1,3,3,0,0,0,0,2,2,www.thebureauinvestigates.com/2012/05/08/yemen-reported-us-covert-action-2012/#YEM055,,55
YEM056,23/04/2012,Lawder,Abyan,"Airstrike
Possible drone strike",Possible,1,1,1,1,0,4,0,0,0,0,0,0,www.thebureauinvestigates.com/2012/05/08/yemen-reported-us-covert-action-2012/#YEM056,,56
YEM057,26/04/2012,Moudia,Abyan,"Airstrike
Possible drone strike",Possible,1,1,1,1,3,3,0,0,0,0,0,0,www.thebureauinvestigates.com/2012/05/08/yemen-reported-us-covert-action-2012/#YEM057,,57
YEM058,29/04/2012,Unknown,Jawf,"Airstrike
Possible drone strike",Possible,1,1,1,1,3,3,0,0,0,0,0,0,www.thebureauinvestigates.com/2012/05/08/yemen-reported-us-covert-action-2012/#YEM058,,58
YEM059,30/04/2012,Lawder,Abyan,"Airstrike
Possible drone strike",Possible,1,1,1,1,4,4,0,0,0,0,0,0,www.thebureauinvestigates.com/2012/05/08/yemen-reported-us-covert-action-2012/#YEM059,,59
YEM060,30/04/2012,Jaar,Abyan,"Airstrike
Possible drone strike",Possible,1,1,1,1,3,3,0,0,0,0,0,0,www.thebureauinvestigates.com/2012/05/08/yemen-reported-us-covert-action-2012/#YEM060,,61
YEM061,02/05/2012,Zinjibar,Abyan,"Airstrike
Possible drone strike",Possible,1,1,1,1,10,15,0,0,0,0,0,0,www.thebureauinvestigates.com/2012/05/08/yemen-reported-us-covert-action-2012/#YEM061,,60
YEM062,06/05/2012,Wadi Rafad,Shabwa,Drone strike,Confirmed,1,1,1,1,2,4,1,1,0,0,0,0,www.thebureauinvestigates.com/2012/05/08/yemen-reported-us-covert-action-2012/#YEM062,,62
YEM063,10/05/2012,Jaar,Abyan,"Airstrike
Possible naval bombardment
Possible drone strike",Possible,1,1,2,2,5,12,0,0,0,0,0,0,www.thebureauinvestigates.com/2012/05/08/yemen-reported-us-covert-action-2012/#YEM063,,63
YEM064,10/05/2012,Shaqra,Abyan,"Airstrike
Possible naval bombardment
Possible drone strike",Possible,1,1,1,1,2,4,0,0,0,0,0,0,www.thebureauinvestigates.com/2012/05/08/yemen-reported-us-covert-action-2012/#YEM064,,64
YEM065,12/05/2012,Al Hosoon,Marib,Drone strike,Confirmed,1,1,1,1,6,7,0,0,0,0,0,0,www.thebureauinvestigates.com/2012/05/08/yemen-reported-us-covert-action-2012/#YEM065,,65
YEM066,12/05/2012,Unknown,Between Marib and Shabwa,Drone strike,Confirmed,1,1,1,1,10,10,0,0,0,0,0,0,www.thebureauinvestigates.com/2012/05/08/yemen-reported-us-covert-action-2012/#YEM066,,66
YEM067,12/05/2012,Al Ain,Shabwa/Hadramout,"Airstrike
Possible drone strike",Possible,1,1,1,1,6,10,0,0,0,0,0,0,www.thebureauinvestigates.com/2012/05/08/yemen-reported-us-covert-action-2012/#YEM067,,67
YEM068,14/05/2012,Shaqra,Abyan,"Airstrike
Possible drone strike",Possible,1,1,1,1,10,10,0,0,0,0,0,0,www.thebureauinvestigates.com/2012/05/08/yemen-reported-us-covert-action-2012/#YEM068,,68
YEM069,14/05/2012,Lawder,Abyan,"Airstrike
Possible drone strike",Possible,1,1,1,1,6,6,0,0,0,0,0,0,www.thebureauinvestigates.com/2012/05/08/yemen-reported-us-covert-action-2012/#YEM069,,70
YEM070,14/05/2012,Jaar,Abyan,Airstrike,Possible,1,0,1,1,0,0,0,0,0,0,2,2,www.thebureauinvestigates.com/2012/05/08/yemen-reported-us-covert-action-2012/#YEM070,,71
YEM071,15/05/2012,Jaar,Abyan,"Airstrike
Possible drone strike",Possible,1,1,2,4,14,42,14,26,0,0,20,21,www.thebureauinvestigates.com/2012/05/08/yemen-reported-us-covert-action-2012/#YEM071,,69
YEM072,16/05/2012,Moudia,Abyan,"Airstrike
Possible naval bombardment
Possible drone strike",Possible,1,1,1,2,16,16,0,0,0,0,5,14,www.thebureauinvestigates.com/2012/05/08/yemen-reported-us-covert-action-2012/#YEM072,,72
YEM073,17/05/2012,Shibam,Hadhramout,Drone strike,Confirmed,1,1,1,1,2,3,0,0,0,0,0,2,www.thebureauinvestigates.com/2012/05/08/yemen-reported-us-covert-action-2012/#YEM073,,73
YEM074,17/05/2012,Shaqra,Abyan,Airstrike,Possible,1,0,1,1,5,6,0,2,0,0,0,0,www.thebureauinvestigates.com/2012/05/08/yemen-reported-us-covert-action-2012/#YEM074,,74
YEM075,19/05/2012,Jaar,Abyan,Airstrike,Possible,1,0,1,1,3,5,0,0,0,0,0,0,www.thebureauinvestigates.com/2012/05/08/yemen-reported-us-covert-action-2012/#YEM075,,75
YEM076,19/05/2012,Unknown,Bayda,"Airstrike
Possible drone strike",Possible,1,1,1,1,2,2,0,0,0,0,0,0,www.thebureauinvestigates.com/2012/05/08/yemen-reported-us-covert-action-2012/#YEM076,,76
YEM077,20/05/2012,Jaar,Abyan,Airstrike,Possible,1,0,1,1,0,9,0,0,0,0,0,0,www.thebureauinvestigates.com/2012/05/08/yemen-reported-us-covert-action-2012/#YEM077,,77
YEM078,28/05/2012,Manaseh,Bayda,Drone strike,Confirmed,1,1,1,1,3,5,0,2,0,0,4,4,www.thebureauinvestigates.com/2012/05/08/yemen-reported-us-covert-action-2012/#YEM078,,78
YEM079,28/05/2012,Mukalla,Abyan,"Airstrike
Possible naval bombardment
Possible drone strike",Possible,1,1,1,1,5,5,0,0,0,0,0,0,www.thebureauinvestigates.com/2012/05/08/yemen-reported-us-covert-action-2012/#YEM079,,79
YEM080,01/06/2012,Mahfed,Abyan,"Airstrike
Possible drone strike",Possible,1,1,1,1,11,12,0,0,0,0,0,0,www.thebureauinvestigates.com/2012/05/08/yemen-reported-us-covert-action-2012/#YEM080,,80
YEM081,07/06/2012,Moudia,Abyan,Airstrike,Possible,1,0,1,1,2,2,0,0,0,0,7,7,www.thebureauinvestigates.com/2012/05/08/yemen-reported-us-covert-action-2012/#YEM081,,81
YEM082,07/06/2012,Jaar,Abyan,"Airstrike
Possible drone strike",Possible,1,1,1,1,3,3,0,0,0,0,0,0,www.thebureauinvestigates.com/2012/05/08/yemen-reported-us-covert-action-2012/#YEM082,,82
YEM083,07/06/2012,Jaar,Abyan,Airstrike,Possible,1,0,1,1,5,5,0,0,0,0,3,3,www.thebureauinvestigates.com/2012/05/08/yemen-reported-us-covert-action-2012/#YEM083,,83
YEM084,11/06/2012,Azzan,Shabwa,Airstrike,Possible,1,0,1,1,16,16,0,0,0,0,0,0,www.thebureauinvestigates.com/2012/05/08/yemen-reported-us-covert-action-2012/#YEM084,,85
YEM085,13/06/2012,Jaar,Abyan,"Airstrike
Possible drone strike",Possible,1,1,1,4,10,18,0,0,0,0,1,1,www.thebureauinvestigates.com/2012/05/08/yemen-reported-us-covert-action-2012/#YEM085,,84
YEM086,13/06/2012,Azzan,Shabwa,Drone strike,Confirmed,1,1,1,1,9,9,0,0,0,0,0,0,www.thebureauinvestigates.com/2012/05/08/yemen-reported-us-covert-action-2012/#YEM086,,86
YEM087,15/06/2012,Azzan,Shabwa,Airstrike,Possible,1,0,1,1,5,5,0,0,0,0,2,2,www.thebureauinvestigates.com/2012/05/08/yemen-reported-us-covert-action-2012/#YEM087,,87
YEM088,15/06/2012,Shaqra,Abyan,"Airstrike
Possible drone strike",Possible,1,1,1,1,5,7,5,7,4,6,4,5,www.thebureauinvestigates.com/2012/05/08/yemen-reported-us-covert-action-2012/#YEM088,,91
YEM089,19/06/2012,Unknown,Shabwa,"Airstrike
Possible drone strike",Possible,1,1,1,1,3,3,0,0,0,0,0,0,www.thebureauinvestigates.com/2012/05/08/yemen-reported-us-covert-action-2012/#YEM089,,88
YEM090,20/06/2012,Mahfed,Abyan,"Airstrike
Possible drone strike",Possible,1,1,1,1,1,1,1,1,0,0,0,0,www.thebureauinvestigates.com/2012/05/08/yemen-reported-us-covert-action-2012/#YEM090,,89
YEM091,20/06/2012,Al Yafea,Bayda,Airstrike,Possible,1,0,6,6,5,30,0,0,0,0,6,6,www.thebureauinvestigates.com/2012/05/08/yemen-reported-us-covert-action-2012/#YEM091,,90
YEM092,25/06/2012,Mahfed,Abyan,Drone strike,Confirmed,1,1,1,1,3,3,0,0,0,0,0,0,www.thebureauinvestigates.com/2012/05/08/yemen-reported-us-covert-action-2012/#YEM092,,92
YEM093,03/07/2012,Bayhan,Shabwa,Drone strike,Confirmed,1,1,1,1,2,5,0,0,0,0,2,2,www.thebureauinvestigates.com/2012/05/08/yemen-reported-us-covert-action-2012/#YEM093,,93
YEM094,04/07/2012,Mahfed,Abyan,Airstrike,Possible,1,0,1,4,3,13,0,0,0,0,7,7,www.thebureauinvestigates.com/2012/05/08/yemen-reported-us-covert-action-2012/#YEM094,,94
YEM095,23/07/2012,Mahfed,Abyan,Airstrike,Possible,1,0,1,1,5,5,0,0,0,0,0,0,www.thebureauinvestigates.com/2012/05/08/yemen-reported-us-covert-action-2012/#YEM095,,95
YEM096,04/08/2012,Al Qotn,Hadhramout,Drone strike,Confirmed,1,1,1,1,3,5,0,0,0,0,2,2,www.thebureauinvestigates.com/2012/05/08/yemen-reported-us-covert-action-2012/#YEM096,,96
YEM097,06/08/2012,Radaa,Bayda,Drone strike,Confirmed,1,1,1,1,7,7,0,0,0,0,0,0,www.thebureauinvestigates.com/2012/05/08/yemen-reported-us-covert-action-2012/#YEM097,,97
YEM098,07/08/2012,Al Qotn,Hadhramout,"Airstrike
Possible drone strike",Possible,1,1,1,1,2,3,0,0,0,0,2,2,www.thebureauinvestigates.com/2012/05/08/yemen-reported-us-covert-action-2012/#YEM098,,98
YEM099,28/08/2012,Qahb al-Hisan,Hadhramout,Drone strike,Confirmed,1,1,1,1,2,3,0,0,0,0,0,0,www.thebureauinvestigates.com/2012/05/08/yemen-reported-us-covert-action-2012/#YEM099,,99
YEM100,29/08/2012,Al Qotn,Hadhramout,Drone strike,Confirmed,1,1,1,1,5,5,2,2,0,0,0,0,www.thebureauinvestigates.com/2012/05/08/yemen-reported-us-covert-action-2012/#YEM100,,100
YEM101,31/08/2012,Hawda,Hadhramout,Drone strike,Confirmed,1,1,1,1,8,8,0,0,0,0,0,0,www.thebureauinvestigates.com/2012/05/08/yemen-reported-us-covert-action-2012/#YEM101,,101
YEM102,02/09/2012,Radaa,Bayda,"US airstrike
Possible drone strike",Confirmed,1,0,1,1,12,12,12,12,3,3,4,11,www.thebureauinvestigates.com/2012/05/08/yemen-reported-us-covert-action-2012/#YEM102,,102
YEM103,05/09/2012,Al Ain,Shabwa/Hadramout,Drone strike,Confirmed,1,1,1,1,4,6,1,4,0,0,3,3,www.thebureauinvestigates.com/2012/05/08/yemen-reported-us-covert-action-2012/#YEM103,,103
YEM104,10/09/2012,Al Ain,Shabwa/Hadramout,Drone strike,Confirmed,1,1,1,2,6,15,0,0,0,0,3,3,www.thebureauinvestigates.com/2012/05/08/yemen-reported-us-covert-action-2012/#YEM104,,104
YEM105,20/09/2012,Mahfed,Abyan,"Airstrike
Possible drone strike",Possible,1,1,1,2,2,4,0,0,0,0,3,3,www.thebureauinvestigates.com/2012/05/08/yemen-reported-us-covert-action-2012/#YEM105,,105
YEM106,04/10/2012,Al Saeed,Shabwa,Drone strike,Confirmed,1,1,1,2,3,6,0,0,0,0,2,4,www.thebureauinvestigates.com/2012/05/08/yemen-reported-us-covert-action-2012/#YEM106,,106
YEM107,18/10/2012,Jaar,Abyan,Drone strike,Confirmed,1,1,2,3,7,9,0,0,0,0,0,0,www.thebureauinvestigates.com/2012/05/08/yemen-reported-us-covert-action-2012/#YEM107,,107
YEM108,21/10/2012,Maarib,Marib,Drone strike,Confirmed,1,1,1,1,4,4,0,0,0,0,0,0,www.thebureauinvestigates.com/2012/05/08/yemen-reported-us-covert-action-2012/#YEM108,,108
YEM109,28/10/2012,Wadi al Abu Jabara,Saada,Drone strike,Confirmed,1,1,1,1,4,4,0,0,0,0,1,1,www.thebureauinvestigates.com/2012/05/08/yemen-reported-us-covert-action-2012/#YEM109,,109
YEM110,07/11/2012,Beit al Ahan,Sanaa,Drone strike,Confirmed,1,1,1,1,2,2,0,0,0,0,2,3,www.thebureauinvestigates.com/2012/05/08/yemen-reported-us-covert-action-2012/#YEM110,,110
YEM111,24/12/2012,Manaseh,Bayda,"Airstrike
Possible drone strike",Possible,1,1,1,1,2,3,0,0,0,0,3,3,www.thebureauinvestigates.com/2012/05/08/yemen-reported-us-covert-action-2012/#YEM111,,111
YEM112,24/12/2012,Shehr,Hadhramout,"Airstrike
Possible drone strike",Possible,1,1,1,3,3,7,0,0,0,0,1,1,www.thebureauinvestigates.com/2012/05/08/yemen-reported-us-covert-action-2012/#YEM112,,112
YEM113,28/12/2012,Shehr,Hadhramout,"Airstrike
Possible drone strike",Possible,1,1,1,2,2,3,0,0,0,0,0,1,www.thebureauinvestigates.com/2012/05/08/yemen-reported-us-covert-action-2012/#YEM113,,113
YEM114,29/12/2012,Manaseh,Bayda,"Airstrike
Possible drone strike",Possible,1,1,1,1,3,4,0,0,0,0,0,2,www.thebureauinvestigates.com/2012/05/08/yemen-reported-us-covert-action-2012/#YEM114,,114
YEM115,01/01/2013,Unknown,Shabwa,"Airstrike
Possible drone strike",Possible,1,1,1,1,1,1,0,0,0,0,0,0,www.thebureauinvestigates.com/2013/01/03/yemen-reported-us-covert-actions-2013/#YEM115,www.thebureauinvestigates.com/2013/01/03/yemen-reported-us-covert-actions-2013/#,124
YEM116,04/01/2013,Radaa,Bayda,Drone strike,Confirmed,1,1,1,1,3,3,0,0,0,0,0,0,www.thebureauinvestigates.com/2013/01/03/yemen-reported-us-covert-actions-2013/#YEM116,,115
YEM117,19/01/2013,Wadi Abida,Marib,Drone strike,Confirmed,1,1,1,1,0,0,0,0,0,0,0,0,www.thebureauinvestigates.com/2013/01/03/yemen-reported-us-covert-actions-2013/#YEM117,,116
YEM118,19/01/2013,Wadi Abida,Marib,Drone strike,Confirmed,1,1,1,1,2,4,0,3,0,0,0,0,www.thebureauinvestigates.com/2013/01/03/yemen-reported-us-covert-actions-2013/#YEM118,,117
YEM119,19/01/2013,Wadi Abida,Marib,Drone strike,Confirmed,1,1,1,1,4,6,0,4,0,0,0,0,www.thebureauinvestigates.com/2013/01/03/yemen-reported-us-covert-actions-2013/#YEM119,,118
YEM120,20/01/2013,Al Kanais,Marib,"Airstrike
Possible drone strike",Possible,1,1,1,1,3,3,0,0,0,0,0,0,www.thebureauinvestigates.com/2013/01/03/yemen-reported-us-covert-actions-2013/#YEM120,,119
YEM121,21/01/2013,Nakhla,Marib,Drone strike,Confirmed,1,1,1,1,2,4,0,0,0,0,2,2,www.thebureauinvestigates.com/2013/01/03/yemen-reported-us-covert-actions-2013/#YEM121,,120
YEM122,22/01/2013,Al Boka,Jawf,Drone strike,Confirmed,1,1,1,1,3,5,0,0,0,0,0,0,www.thebureauinvestigates.com/2013/01/03/yemen-reported-us-covert-actions-2013/#YEM122,,121
YEM123,23/01/2013,Khawlan,Sanaa,Drone strike,Confirmed,1,1,1,1,4,4,2,2,0,0,0,0,www.thebureauinvestigates.com/2013/01/03/yemen-reported-us-covert-actions-2013/#YEM123,,122
YEM124,23/01/2013,Qayfa,Bayda,"Airstrike
Possible drone strike",Possible,1,1,1,1,3,5,0,0,0,0,0,0,www.thebureauinvestigates.com/2013/01/03/yemen-reported-us-covert-actions-2013/#YEM124,,123
YEM125,17/04/2013,Wassab al Ali,Damar,Drone strike,Confirmed,1,1,1,1,4,4,0,4,0,0,0,0,www.thebureauinvestigates.com/2013/01/03/yemen-reported-us-covert-actions-2013/#YEM125,,125
YEM126,21/04/2013,Wadi Abida,Marib,"Airstrike
Possible drone strike",Possible,1,1,1,1,2,2,0,0,0,0,2,3,www.thebureauinvestigates.com/2013/01/03/yemen-reported-us-covert-actions-2013/#YEM126,,126
YEM127,18/05/2013,Mahfed,Abyan,Drone strike,Confirmed,1,1,1,1,4,9,0,0,0,0,0,0,www.thebureauinvestigates.com/2013/01/03/yemen-reported-us-covert-actions-2013/#YEM127,,127
YEM128,20/05/2013,Radaa,Bayda,"Airstrike
Possible drone strike",Possible,1,1,1,1,2,2,0,0,0,0,0,0,www.thebureauinvestigates.com/2013/01/03/yemen-reported-us-covert-actions-2013/#YEM128,,128
YEM129,01/06/2013,Mahfed,Abyan,"Airstrike
Possible drone strike",Possible,1,1,1,2,7,8,0,0,0,0,2,3,www.thebureauinvestigates.com/2013/01/03/yemen-reported-us-covert-actions-2013/#YEM129,,129
YEM130,09/06/2013,"Al Makashma/
Khab al Shath",Jawf,Drone strike,Confirmed,1,1,1,1,2,7,1,1,1,1,0,0,www.thebureauinvestigates.com/2013/01/03/yemen-reported-us-covert-actions-2013/#YEM130,,130
YEM131,27/07/2013,Mahfed,Abyan,Drone strike,Confirmed,1,1,1,1,4,9,0,0,0,0,0,0,www.thebureauinvestigates.com/2013/01/03/yemen-reported-us-covert-actions-2013/#YEM131,,131
YEM132,30/07/2013,Al Saeed,Shabwa,Drone strike,Confirmed,1,1,1,1,3,4,0,0,0,0,0,0,www.thebureauinvestigates.com/2013/01/03/yemen-reported-us-covert-actions-2013/#YEM132,,132
YEM133,01/08/2013,Wadi Ser,Hadhramout,Drone strike,Confirmed,1,1,1,1,3,5,4,5,1,1,3,3,www.thebureauinvestigates.com/2013/01/03/yemen-reported-us-covert-actions-2013/#YEM133,,133
YEM134,06/08/2013,Wadi Abida,Marib,Drone strike,Confirmed,1,1,1,1,4,4,0,0,0,0,0,0,www.thebureauinvestigates.com/2013/01/03/yemen-reported-us-covert-actions-2013/#YEM134,,134
YEM135,07/08/2013,Markha,Shabwa,Drone strike,Confirmed,1,1,1,1,6,8,0,0,0,0,0,0,www.thebureauinvestigates.com/2013/01/03/yemen-reported-us-covert-actions-2013/#YEM135,,135
YEM136,08/08/2013,Wadi Abida,Marib,Drone strike,Confirmed,1,1,1,1,3,8,2,2,2,2,0,0,www.thebureauinvestigates.com/2013/01/03/yemen-reported-us-covert-actions-2013/#YEM136,,136
YEM137,08/08/2013,Al Ayoun,Hadhramout,Drone strike,Confirmed,1,1,1,1,2,7,0,0,0,0,0,0,www.thebureauinvestigates.com/2013/01/03/yemen-reported-us-covert-actions-2013/#YEM137,,137
YEM138,08/08/2013,Al Qotn,Hadhramout,Drone strike,Confirmed,1,1,1,1,3,5,0,0,0,0,0,0,www.thebureauinvestigates.com/2013/01/03/yemen-reported-us-covert-actions-2013/#YEM138,,138
YEM139,10/08/2013,Al Askariya,Lahj,Drone strike,Confirmed,1,1,1,1,2,5,0,0,0,0,2,5,www.thebureauinvestigates.com/2013/01/03/yemen-reported-us-covert-actions-2013/#YEM139,,139
YEM140,30/08/2013,Manaseh,Bayda,Drone strike,Confirmed,1,1,1,1,4,6,0,0,0,0,0,0,www.thebureauinvestigates.com/2013/01/03/yemen-reported-us-covert-actions-2013/#YEM140,,140
YEM141,19/11/2013,Ghayl Bawazir,Hadhramout,"US airstrike
Possible drone strike",Confirmed,1,1,1,1,5,5,0,0,0,0,0,0,www.thebureauinvestigates.com/2013/01/03/yemen-reported-us-covert-actions-2013/#YEM141,,141
YEM142,26/11/2013,Mahfed,Abyan,"Airstrike
Possible drone strike",Possible,1,1,1,1,12,12,0,0,0,0,0,0,www.thebureauinvestigates.com/2013/01/03/yemen-reported-us-covert-actions-2013/#YEM142,,142
YEM143,09/12/2013,Al Qotn,Hadhramout,"Airstrike
Possible drone strike",Possible,1,1,1,1,3,3,0,0,0,0,0,0,www.thebureauinvestigates.com/2013/01/03/yemen-reported-us-covert-actions-2013/#YEM143,,143
YEM144,12/12/2013,Radaa,Bayda,Drone strike,Confirmed,1,1,1,1,12,17,8,16,0,0,5,30,www.thebureauinvestigates.com/2013/01/03/yemen-reported-us-covert-actions-2013/#YEM144,,144
YEM145,27/12/2013,Shibam,Hadhramout,"Airstrike
Possible drone strike",Possible,1,1,1,1,1,6,0,0,0,0,0,0,www.thebureauinvestigates.com/2013/01/03/yemen-reported-us-covert-actions-2013/#YEM145,,145
YEM146,31/12/2013,Mahfed,Abyan,"Airstrike
Possible drone strike",Possible,1,1,1,1,2,6,0,0,0,0,0,3,www.thebureauinvestigates.com/2013/01/03/yemen-reported-us-covert-actions-2013/#YEM146,,146
YEM147,06/01/2014,Radaa,Bayda,Drone strike,Confirmed,1,1,1,1,0,0,0,0,0,0,0,2,www.thebureauinvestigates.com/2014/01/06/yemen-reported-us-covert-actions-2014/#YEM147,www.thebureauinvestigates.com/2014/01/06/yemen-reported-us-covert-actions-2014/#,147
YEM148,08/01/2014,Al Qotn,Hadhramout,Drone strike,Confirmed,1,1,1,1,2,2,0,0,0,0,0,2,www.thebureauinvestigates.com/2014/01/06/yemen-reported-us-covert-actions-2014/#YEM148,,148
YEM149,15/01/2014,Shibam,Hadhramout,"Airstrike
Possible drone strike",Possible,1,1,1,1,1,1,1,1,0,0,0,0,www.thebureauinvestigates.com/2014/01/06/yemen-reported-us-covert-actions-2014/#YEM149,,149
YEM150,24/01/2014,Wadi Abida,Marib,Drone strike,Confirmed,1,1,1,1,3,4,0,0,0,0,0,0,www.thebureauinvestigates.com/2014/01/06/yemen-reported-us-covert-actions-2014/#YEM150,,150
YEM151,03/02/2014,Mahfed,Abyan,"Airstrike
Possible drone strike",Possible,1,1,1,1,0,4,0,0,0,0,0,2,www.thebureauinvestigates.com/2014/01/06/yemen-reported-us-covert-actions-2014/#YEM151,,151
YEM152,02/03/2014,Shabwan,Marib,Drone strike,Confirmed,1,1,1,1,2,3,0,0,0,0,2,2,www.thebureauinvestigates.com/2014/01/06/yemen-reported-us-covert-actions-2014/#YEM152,,152
YEM153,03/03/2014,Mahfed,Abyan,"Airstrike
Possible drone strike",Possible,1,1,1,1,1,1,0,0,0,0,0,0,www.thebureauinvestigates.com/2014/01/06/yemen-reported-us-covert-actions-2014/#YEM153,,153
YEM154,03/03/2014,Radhum,Shabwa,"Airstrike
Possible drone strike",Possible,1,1,1,1,2,4,0,0,0,0,2,2,www.thebureauinvestigates.com/2014/01/06/yemen-reported-us-covert-actions-2014/#YEM154,,154
YEM155,05/03/2014,Khalek,Jawf,Drone strike,Confirmed,1,1,1,1,2,4,0,0,0,0,0,0,www.thebureauinvestigates.com/2014/01/06/yemen-reported-us-covert-actions-2014/#YEM155,,155
YEM156,10/03/2014,Wadi Abida,Marib,"Airstrike
Possible drone strike",Possible,1,1,1,1,1,4,0,1,0,1,0,0,www.thebureauinvestigates.com/2014/01/06/yemen-reported-us-covert-actions-2014/#YEM156,,156
YEM157,12/03/2014,Khab Wal Saaf,Jawf,"Airstrike
Possible drone strike",Possible,1,1,1,1,2,3,0,0,0,0,0,0,www.thebureauinvestigates.com/2014/01/06/yemen-reported-us-covert-actions-2014/#YEM157,,157
YEM158,01/04/2014,Mahfed,Abyan,"Airstrike
Possible drone strike",Possible,1,1,1,1,3,3,0,0,0,0,4,4,www.thebureauinvestigates.com/2014/01/06/yemen-reported-us-covert-actions-2014/#YEM158,,158
YEM159,19/04/2014,Sawmaa,Bayda,Drone strike,Confirmed,1,1,1,1,13,21,3,8,0,0,1,6,www.thebureauinvestigates.com/2014/01/06/yemen-reported-us-covert-actions-2014/#YEM159,,159
YEM160,20/04/2014,Mahfed,Abyan,"Drone strike
Yemen Air Force airstrike",Confirmed,1,1,1,3,24,31,1,1,1,1,1,3,www.thebureauinvestigates.com/2014/01/06/yemen-reported-us-covert-actions-2014/#YEM160,,160
YEM161,21/04/2014,Usylan,Shabwa,"US-Yemen ground operation
Possible drone strike",Confirmed,0,0,1,1,3,4,1,1,1,1,0,0,www.thebureauinvestigates.com/2014/01/06/yemen-reported-us-covert-actions-2014/#YEM161,,161
YEM162,12/05/2014,Wadi Abida,Marib,Drone strike,Confirmed,1,1,1,1,4,6,0,0,0,0,0,0,www.thebureauinvestigates.com/2014/01/06/yemen-reported-us-covert-actions-2014/#YEM162,,162
YEM163,04/06/2014,Wadi Abida,Marib,"Airstrike
Possible drone strike",Possible,1,1,1,1,3,4,0,0,0,0,0,0,www.thebureauinvestigates.com/2014/01/06/yemen-reported-us-covert-actions-2014/#YEM163,,163
YEM164,13/06/2014,Mafraq al Saeed,Marib,Drone strike,Confirmed,1,1,1,1,5,6,0,0,0,0,0,0,www.thebureauinvestigates.com/2014/01/06/yemen-reported-us-covert-actions-2014/#YEM164,,164
YEM165,21/06/2014,Unknown,Bayda,"Airstrike
Possible drone strike",Possible,1,1,1,1,0,0,0,0,0,0,0,0,www.thebureauinvestigates.com/2014/01/06/yemen-reported-us-covert-actions-2014/#YEM165,,165
YEM166,09/08/2014,Wadi Abida,Marib,Drone strike,Confirmed,1,1,1,1,3,3,0,0,0,0,2,2,www.thebureauinvestigates.com/2014/01/06/yemen-reported-us-covert-actions-2014/#YEM166,,166
YEM167,16/08/2014,Unknown,Hadhramout,"Airstrike
Possible drone strike",Possible,1,1,1,1,3,3,0,0,0,0,0,0,www.thebureauinvestigates.com/2014/01/06/yemen-reported-us-covert-actions-2014/#YEM167,,167
YEM168,11/09/2014,Unknown,Shabwa,Drone strike,Confirmed,1,1,1,1,4,5,0,0,0,0,0,0,www.thebureauinvestigates.com/2014/01/06/yemen-reported-us-covert-actions-2014/#YEM168,,168
YEM169,25/09/2014,"Nasab
Near Ataq",Shabwa,"Airstrike
Possible drone strike",Possible,1,1,1,1,4,5,0,0,0,0,0,0,www.thebureauinvestigates.com/2014/01/06/yemen-reported-us-covert-actions-2014/#YEM169,,169
YEM170,26/09/2014,Khasaf,Jawf,"Airstrike
Possible drone strike",Possible,1,1,1,1,2,3,0,0,0,0,3,3,www.thebureauinvestigates.com/2014/01/06/yemen-reported-us-covert-actions-2014/#YEM170,,170
YEM171,15/10/2014,"Bani Assaf
Mayfaa",Shabwa,Drone strike,Confirmed,1,1,1,1,4,4,0,0,0,0,0,0,www.thebureauinvestigates.com/2014/01/06/yemen-reported-us-covert-actions-2014/#YEM171,,171
YEM172,24/10/2014,Radaa,Bayda,"Airstrike
Possible drone strike",Possible,1,1,1,1,3,10,0,10,0,0,0,0,www.thebureauinvestigates.com/2014/01/06/yemen-reported-us-covert-actions-2014/#YEM172,,172
YEM173,26/10/2014,Radaa, Bayda,"Airstrike
Possible drone strike
Yemeni air and ground operations",Possible,1,1,1,1,12,20,2,10,0,0,0,0,www.thebureauinvestigates.com/2014/01/06/yemen-reported-us-covert-actions-2014/#YEM173,,173
YEM174,04/11/2014,Radaa, Bayda,Drone strike,Confirmed,1,1,3,3,9,20,0,0,0,0,0,0,www.thebureauinvestigates.com/2014/01/06/yemen-reported-us-covert-actions-2014/#YEM174,,174
YEM175,12/11/2014,Azzan,Shabwa,Drone strike,Confirmed,1,1,1,1,6,8,0,0,0,0,0,0,www.thebureauinvestigates.com/2014/01/06/yemen-reported-us-covert-actions-2014/#YEM175,,175
YEM176,26/11/2014,Hagr al Saiaar,Hadhramout,US-Yemen ground operation,Confirmed,0,0,1,1,7,7,0,0,0,0,0,0,www.thebureauinvestigates.com/2014/01/06/yemen-reported-us-covert-actions-2014/#YEM176,,176
YEM177,06/12/2014,Nasab,Shabwa,US drone strike,Confirmed,1,1,1,1,9,10,0,0,0,0,3,3,www.thebureauinvestigates.com/2014/01/06/yemen-reported-us-covert-actions-2014/#YEM177,,177
YEM178,06/12/2014,Dafaar,Shabwa,"US ground operation
Possible US air and drone strike",Confirmed,0,0,1,1,11,11,8,8,1,1,0,0,www.thebureauinvestigates.com/2014/01/06/yemen-reported-us-covert-actions-2014/#YEM178,,178
YEM179,26/01/2015,Hareeb,Shabwa/Mareb border,US drone strike,Confirmed,1,1,1,1,3,3,1,2,1,1,0,0,http://www.thebureauinvestigates.com/2015/01/26/yemen-reported-us-covert-actions-2015/#YEM179,http://www.thebureauinvestigates.com/2015/01/26/yemen-reported-us-covert-actions-2015/#,179
YEM180,31/01/2015,Al Saeed,Shabwa,US drone strike,Confirmed,1,1,1,1,4,4,0,0,0,0,0,0,http://www.thebureauinvestigates.com/2015/01/26/yemen-reported-us-covert-actions-2015/#YEM180,,180
YEM181,02/02/2015,Unknown,Bayda,US drone strike,Confirmed,1,1,1,1,3,6,0,0,0,0,0,0,http://www.thebureauinvestigates.com/2015/01/26/yemen-reported-us-covert-actions-2015/#YEM181,,181
YEM182,20/02/2015,Al Houta,Shabwa,"Airstrike
Possible drone strike",Possible,1,1,1,1,2,3,0,0,0,0,0,0,http://www.thebureauinvestigates.com/2015/01/26/yemen-reported-us-covert-actions-2015/#YEM182,,182
YEM183,28/02/2015,Bihan region,Shabwa,"Airstrike
Possible drone strike",Possible,1,1,1,1,3,4,0,0,0,0,0,0,http://www.thebureauinvestigates.com/2015/01/26/yemen-reported-us-covert-actions-2015/#YEM183,,183
YEM184,01/03/2015,Markha district,Shabwa,"Airstrike
Possible drone strike",Possible,1,1,1,1,2,3,0,0,0,0,3,3,http://www.thebureauinvestigates.com/2015/01/26/yemen-reported-us-covert-actions-2015/#YEM184,,184
YEM185,12/04/2015,Mukalla,Hadhramout,"US drone strike
",Confirmed,1,1,1,1,3,7,0,0,0,0,0,0,http://www.thebureauinvestigates.com/2015/01/26/yemen-reported-us-covert-actions-2015/#YEM185,,185
YEM186,17/04/2015,Habban,Shabwa,"US drone strike
",Confirmed,1,1,1,1,2,2,0,0,0,0,0,0,http://www.thebureauinvestigates.com/2015/01/26/yemen-reported-us-covert-actions-2015/#YEM186,,186
YEM187,19/04/2015,Saeed district,Shabwa,"US drone strike
",Confirmed,1,1,1,1,2,6,0,0,0,0,0,0,http://www.thebureauinvestigates.com/2015/01/26/yemen-reported-us-covert-actions-2015/#YEM187,,187
YEM188,21/04/2015,Mukalla,Hadramout,"US drone strike
",Confirmed,1,1,1,2,5,7,0,1,0,1,0,0,http://www.thebureauinvestigates.com/2015/01/26/yemen-reported-us-covert-actions-2015/#YEM188,,188
YEM189,08/05/2015,Mafraq,Shabwa,"Airstrike
Possible US drone strike",Possible,1,1,1,1,3,3,0,0,0,0,0,0,http://www.thebureauinvestigates.com/2015/01/26/yemen-reported-us-covert-actions-2015/#YEM189,,189
YEM190,10/05/2015,Ataq,Shabwa,"Airstrike
Possible US drone strike",Possible,1,1,1,1,1,4,0,0,0,0,0,0,http://www.thebureauinvestigates.com/2015/01/26/yemen-reported-us-covert-actions-2015/#YEM190,,190
YEM191,11/05/2015,Mukalla,Hadramout,"US drone strike
",Confirmed,1,1,1,1,4,4,0,0,0,0,2,2,http://www.thebureauinvestigates.com/2015/01/26/yemen-reported-us-covert-actions-2015/#YEM191,,191
YEM192,16/05/2015,Unknown,Shabwa,"US drone strike
",Confirmed,1,1,1,1,3,3,0,0,0,0,0,0,http://www.thebureauinvestigates.com/2015/01/26/yemen-reported-us-covert-actions-2015/#YEM192,,192
YEM193,22/05/2015,Unknown,Shabwa,"US drone strike
",Confirmed,1,1,1,1,3,5,0,0,0,0,0,0,http://www.thebureauinvestigates.com/2015/01/26/yemen-reported-us-covert-actions-2015/#YEM193,,193
YEM194,02/06/2015,Unknown,Jawf,"Airstrike
Possible US drone strike",Possible,1,1,1,1,5,20,0,0,0,0,0,0,http://www.thebureauinvestigates.com/2015/01/26/yemen-reported-us-covert-actions-2015/#YEM194,,194
YEM195,09/06/2015,Mukalla,Hadramout,"US drone strike
",Confirmed,1,1,1,1,3,3,0,0,0,0,2,2,http://www.thebureauinvestigates.com/2015/01/26/yemen-reported-us-covert-actions-2015/#YEM195,,195
YEM196,25/06/2015,Mukalla,Hadramout,"US drone strike
",Confirmed,1,1,1,1,4,5,0,0,0,0,2,2,http://www.thebureauinvestigates.com/2015/01/26/yemen-reported-us-covert-actions-2015/#YEM196,,196
YEM197,26/06/2015,Rafadh,Shabwa,"Airstrike
Possible US drone strike",Possible,1,1,1,1,4,4,0,0,0,0,0,0,http://www.thebureauinvestigates.com/2015/01/26/yemen-reported-us-covert-actions-2015/#YEM197,,197
YEM198,26/06/2015,Mukalla,Hadramout,"Airstrike
Possible US drone strike",Possible,1,1,1,1,4,4,0,0,0,0,0,0,http://www.thebureauinvestigates.com/2015/01/26/yemen-reported-us-covert-actions-2015/#YEM198,,198
YEM199,03/07/2015,Mukalla,Hadramout,"US drone strike
",Confirmed,1,1,1,1,4,4,0,0,0,0,0,0,http://www.thebureauinvestigates.com/2015/01/26/yemen-reported-us-covert-actions-2015/#YEM199,,199
YEM200,11/07/2015,Mukalla,Hadramout,"US drone strike
",Confirmed,1,1,1,1,3,10,0,0,0,0,0,0,http://www.thebureauinvestigates.com/2015/01/26/yemen-reported-us-covert-actions-2015/#YEM200,,200
YEM201,29/07/2015,Wadi Dikha,Abyan,"US drone strike
",Confirmed,1,1,1,1,4,5,0,0,0,0,0,0,http://www.thebureauinvestigates.com/2015/01/26/yemen-reported-us-covert-actions-2015/#YEM201,,201
YEM202,12/08/2015,Mukalla-Rukob road,Hadramout,"US drone strike
",Confirmed,1,1,1,1,5,5,0,0,0,0,0,0,http://www.thebureauinvestigates.com/2015/01/26/yemen-reported-us-covert-actions-2015/#YEM202,,202
YEM203,21/08/2015,Harib,Marib,"Airstrike, Possible US drone strike",Possible,1,1,1,1,3,3,0,0,0,0,0,0,https://www.thebureauinvestigates.com/2015/01/26/yemen-reported-us-covert-actions-2015/#YEM203,,203
YEM204,23/08/2015,Mukalla,Hadaramout,"US drone strike
",Confirmed,1,1,1,1,4,4,0,0,0,0,0,0,http://www.thebureauinvestigates.com/2015/01/26/yemen-reported-us-covert-actions-2015/#YEM204,,204
YEM205,26/08/2015,Mukalla,Hadramout,"US drone strike
",Confirmed,1,1,1,1,5,5,0,0,0,0,0,0,http://www.thebureauinvestigates.com/2015/01/26/yemen-reported-us-covert-actions-2015/#YEM205,,205
YEM206,09/09/2015,Mukalla,Hadramout,"US drone strike
",Confirmed,1,1,1,1,3,6,0,4,0,0,2,2,http://www.thebureauinvestigates.com/2015/01/26/yemen-reported-us-covert-actions-2015/#YEM206,,206
YEM207,11/09/2015,Unknown,Jawf-Mareb border,"Airstrike, Possible US drone strike",Possible,1,1,1,1,4,4,0,0,0,0,0,0,http://www.thebureauinvestigates.com/2015/01/26/yemen-reported-us-covert-actions-2015/#YEM207,,208
YEM208,12/09/2015,Mukalla,Hadramout,"US drone strike
",Confirmed,1,1,1,1,4,5,0,0,0,0,0,0,http://www.thebureauinvestigates.com/2015/01/26/yemen-reported-us-covert-actions-2015/#YEM208,,207
YEM209,21/09/2015,Marib city,Marib,"Airstrike, Possible US drone strike",Possible,1,1,1,1,2,2,0,0,0,0,0,0,http://www.thebureauinvestigates.com/2015/01/26/yemen-reported-us-covert-actions-2015/#YEM209,,209
YEM210,22/12/2015,Nata district,Bayda-Shabwa border,"US drone strike
",Confirmed,1,1,1,1,4,4,0,0,0,0,0,0,http://www.thebureauinvestigates.com/2015/01/26/yemen-reported-us-covert-actions-2015/#YEM210,,210
YEM211,15/01/2016,Rafadh,Shabwa,"US drone strike
",Confirmed,1,1,1,1,3,3,0,0,0,0,0,0,https://www.thebureauinvestigates.com/2016/01/18/yemen-reported-us-covert-actions-2016/#YEM211,https://www.thebureauinvestigates.com/2016/01/18/yemen-reported-us-covert-actions-2016/#,211
YEM212,19/01/2016,Sayoun,Hadramout,"US drone strike
",Confirmed,1,1,1,1,2,2,0,0,0,0,0,0,https://www.thebureauinvestigates.com/2016/01/18/yemen-reported-us-covert-actions-2016/#YEM212,,212
YEM213,03/02/2016,Rawda city,Shabwa,"US drone strike
",Confirmed,1,1,1,1,6,6,0,0,0,0,0,0,https://www.thebureauinvestigates.com/2016/01/18/yemen-reported-us-covert-actions-2016/#YEM213,,213
YEM214,03/02/2016,Maraquesha,Abyan,"US drone strike
",Confirmed,1,1,1,1,3,3,0,0,0,0,0,0,https://www.thebureauinvestigates.com/2016/01/18/yemen-reported-us-covert-actions-2016/#YEM214,,214
YEM215,15/02/2016,Huta,Lahij,"Airstrike, Possible US drone strike",Possible,1,1,1,1,3,3,0,0,0,0,0,0,https://www.thebureauinvestigates.com/2016/01/18/yemen-reported-us-covert-actions-2016/#YEM215,,215
YEM216,29/02/2016,Unknown,Hadramout,"US drone or air strike
",Confirmed,1,1,1,1,3,3,0,0,0,0,0,0,https://www.thebureauinvestigates.com/2016/01/18/yemen-reported-us-covert-actions-2016/#YEM216,,229
YEM217,04/03/2016,Radhum,Shabwa,"US drone strike
",Confirmed,1,1,1,1,4,4,0,0,0,0,0,0,https://www.thebureauinvestigates.com/2016/01/18/yemen-reported-us-covert-actions-2016/#YEM217,,216
YEM218,22/03/2016,Hajr (75km W of Mukalla),Hadramout,US air strike,Confirmed,1,0,1,1,50,71,0,0,0,0,28,30,https://www.thebureauinvestigates.com/2016/01/18/yemen-reported-us-covert-actions-2016/#YEM218,,217
YEM219,26/03/2016,Al Hudhn and Naqeel al Hayala villages,Abyan,"Airstrike, Possible US drone strike",Possible,1,1,2,2,8,8,0,0,0,0,0,0,https://www.thebureauinvestigates.com/2016/01/18/yemen-reported-us-covert-actions-2016/#YEM219,,218
YEM220,26/03/2016,Zinjibar,Abyan,"Airstrike, Possible US drone strike",Possible,1,1,1,1,6,6,0,0,0,0,0,0,https://www.thebureauinvestigates.com/2016/01/18/yemen-reported-us-covert-actions-2016/#YEM220,,219
YEM221,28/03/2016,Mukalla,Hadramout,Airstrike,Possible,1,0,1,1,5,5,3,3,0,0,0,0,https://www.thebureauinvestigates.com/2016/01/18/yemen-reported-us-covert-actions-2016/#YEM221,,220
YEM222,30/03/2016,Azzan,Shabwa,US drone strike,Confirmed,1,1,1,1,2,5,0,0,0,0,0,0,https://www.thebureauinvestigates.com/2016/01/18/yemen-reported-us-covert-actions-2016/#YEM222,,221
YEM223,30/03/2016,Mukalla,Hadramout,Airstrike,Possible,1,0,3,3,0,0,0,0,0,0,0,0,https://www.thebureauinvestigates.com/2016/01/18/yemen-reported-us-covert-actions-2016/#YEM223,,222
YEM224,03/04/2016,Mukalla,Hadramout,"Airstrike, Possible US drone strike",Possible,1,1,4,5,0,0,0,0,0,0,0,0,https://www.thebureauinvestigates.com/2016/01/18/yemen-reported-us-covert-actions-2016/#YEM224,,223
YEM225,05/04/2016,Zinjibar,Abyan,Airstrike,Possible,1,0,2,2,0,0,0,0,0,0,0,0,https://www.thebureauinvestigates.com/2016/01/18/yemen-reported-us-covert-actions-2016/#YEM225,,224
YEM226,23/04/2016,Alemien,Mareb,US drone strike,Confirmed,1,1,1,1,2,2,0,0,0,0,0,0,https://www.thebureauinvestigates.com/2016/01/18/yemen-reported-us-covert-actions-2016/#YEM226,,225
YEM227,25/04/2016,Zinjibar,Abyan,US drone strike,Confirmed,1,1,1,1,3,6,0,0,0,0,0,0,https://www.thebureauinvestigates.com/2016/01/18/yemen-reported-us-covert-actions-2016/#YEM227,,226
YEM228,25/04/2016,Azzan,Shabwa,US drone strike,Confirmed,1,1,1,1,2,10,0,0,0,0,0,0,https://www.thebureauinvestigates.com/2016/01/18/yemen-reported-us-covert-actions-2016/#YEM228,,227
YEM229,28/04/2016,Unknown,Shabwa,US drone strike,Confirmed,1,1,1,1,4,4,0,0,0,0,1,1,https://www.thebureauinvestigates.com/2016/01/18/yemen-reported-us-covert-actions-2016/#YEM229,,228
YEM230,19/05/2016,Unknown,Shabwa,US drone strike,Confirmed,1,1,1,1,4,4,0,0,0,0,0,0,https://www.thebureauinvestigates.com/2016/01/18/yemen-reported-us-covert-actions-2016/#YEM230,,230
YEM231,09/06/2016,Unknown,Bayda,US drone strike,Confirmed,1,1,1,1,2,2,0,0,0,0,0,0,https://www.thebureauinvestigates.com/2016/01/18/yemen-reported-us-covert-actions-2016/#YEM231,,231
YEM232,10/06/2016,Unknown,Mareb,US drone strike,Confirmed,1,1,1,1,2,2,0,0,0,0,0,0,https://www.thebureauinvestigates.com/2016/01/18/yemen-reported-us-covert-actions-2016/#YEM232,,233
YEM233,12/06/2016,Haban,Shabwa,US drone strike,Confirmed,1,1,1,1,2,3,0,0,0,0,1,1,https://www.thebureauinvestigates.com/2016/01/18/yemen-reported-us-covert-actions-2016/#YEM233,,232
YEM234,01/07/2016,Gardan,Shabwa,US drone strike,Confirmed,1,1,1,1,3,6,0,0,0,0,0,0,https://www.thebureauinvestigates.com/2016/01/18/yemen-reported-us-covert-actions-2016/#YEM234,,234
YEM235,04/07/2016,Musaina,Shabwa,US drone strike,Confirmed,1,1,1,1,2,3,0,0,0,0,0,1,https://www.thebureauinvestigates.com/2016/01/18/yemen-reported-us-covert-actions-2016/#YEM235,,235
YEM236,08/07/2016,Unknown,Central Yemen,US drone strike,Confirmed,1,1,1,1,1,1,0,0,0,0,0,0,https://www.thebureauinvestigates.com/2016/01/18/yemen-reported-us-covert-actions-2016/#YEM236,,238
YEM237,10/07/2016,Jabul,Mareb,US drone strike,Possible,1,1,1,1,0,0,0,0,0,0,4,4,https://www.thebureauinvestigates.com/2016/01/18/yemen-reported-us-covert-actions-2016/#YEM237,,236
YEM238,16/07/2016,Al Uqlah,Shabwa,US drone strike,Confirmed,1,1,1,1,2,4,0,0,0,0,0,2,https://www.thebureauinvestigates.com/2016/01/18/yemen-reported-us-covert-actions-2016/#YEM238,,237
YEM239,04/08/2016,Azzan,Shabwa,US drone strike,Confirmed,1,1,1,1,2,4,0,0,0,0,2,4,https://www.thebureauinvestigates.com/2016/01/18/yemen-reported-us-covert-actions-2016/#YEM239,,239
YEM240,24/08/2016,Unknown,Shabwa,US drone strike,Confirmed,1,1,1,1,4,5,0,0,0,0,0,0,https://www.thebureauinvestigates.com/2016/01/18/yemen-reported-us-covert-actions-2016/#YEM240,,241
YEM241,30/08/2016,Unknown,Shabwa,US air or drone strike ,Confirmed,1,1,1,1,3,3,0,0,0,0,0,0,https://www.thebureauinvestigates.com/2016/01/18/yemen-reported-us-covert-actions-2016/#YEM241,,242
YEM242,04/09/2016,Unknown,Shabwa,US air or drone strike,Confirmed,1,1,1,1,6,9,0,0,0,0,0,0,https://www.thebureauinvestigates.com/2016/01/18/yemen-reported-us-covert-actions-2016/#YEM242,,240
YEM243,13/09/2016,Radaa area,Bayda ,US drone strike ,Confirmed,1,1,1,1,5,5,0,0,0,0,0,0,https://www.thebureauinvestigates.com/2016/01/18/yemen-reported-us-covert-actions-2016/#YEM243,,243
YEM244,20/09/2016,Wadi Abida,Marib,"US drone or air strike
",Confirmed,1,1,1,1,2,2,0,0,0,0,0,0,https://www.thebureauinvestigates.com/2016/01/18/yemen-reported-us-covert-actions-2016/#YEM244,,246
YEM245,22/09/2016,Sawmaa district,Bayda,US air or drone strike,Confirmed,1,1,1,1,2,3,0,0,0,0,0,0,https://www.thebureauinvestigates.com/2016/01/18/yemen-reported-us-covert-actions-2016/#YEM245,,244
YEM246,23/09/2016,Unknown,Mareb,US drone strike,Confirmed,1,1,1,1,3,5,0,0,0,0,0,0,https://www.thebureauinvestigates.com/2016/01/18/yemen-reported-us-covert-actions-2016/#YEM246,,245
YEM247,29/09/2016,Unknown,Bayda,US air or drone strike,Confirmed,1,1,1,1,2,2,0,0,0,0,0,0,https://www.thebureauinvestigates.com/2016/01/18/yemen-reported-us-covert-actions-2016/#YEM247,,247
YEM248,06/10/2016,Unknown,Shabwah,US air or drone strike,Confirmed,1,0,1,1,2,2,0,0,0,0,0,0,https://www.thebureauinvestigates.com/2016/01/18/yemen-reported-us-covert-actions-2016/#YEM248,,250
YEM248,12/10/2016,North of the Bab el-Mandeb strait,-,US cruise missle strike,Confirmed,0,0,3,3,0,0,0,0,0,0,0,0,https://www.thebureauinvestigates.com/2016/01/18/yemen-reported-us-covert-actions-2016/#YEM248,,248
YEM249,18/10/2016,Unknown,Shabwah,US air or drone strike,Confirmed,1,1,1,1,3,8,0,0,0,0,2,2,https://www.thebureauinvestigates.com/2016/01/18/yemen-reported-us-covert-actions-2016/#YEM249,,249
YEM250,21/10/2016,Unknown,Marib,US air or drone strike,Confirmed,1,0,1,1,5,5,0,0,0,0,0,0,https://www.thebureauinvestigates.com/2016/01/18/yemen-reported-us-covert-actions-2016/#YEM250,,251
YEM251,21/11/2016,Unknown,Bayda,US air or drone strike,Confirmed,1,1,1,1,1,1,0,0,0,0,0,0,https://www.thebureauinvestigates.com/2016/01/18/yemen-reported-us-covert-actions-2016/#YEM251,,253
YEM252,24/11/2016,Sawmaah,Bayda,US air or drone strike,Confirmed,1,1,1,1,2,2,0,0,0,0,0,0,https://www.thebureauinvestigates.com/2016/01/18/yemen-reported-us-covert-actions-2016/#YEM252,,254
YEM253,30/11/2016,Unknown,Hadramout,US air or drone strike,Confirmed,1,1,1,1,3,3,0,0,0,0,0,0,https://www.thebureauinvestigates.com/2016/01/18/yemen-reported-us-covert-actions-2016/#YEM253,,255
YEM254,13/12/2016,Unknown,Marib/Al Jawf,US air or drone strike,Confirmed,1,1,1,1,4,4,0,0,0,0,0,0,https://www.thebureauinvestigates.com/2016/01/18/yemen-reported-us-covert-actions-2016/#YEM254,,252
YEM255,29/12/2016,Sawmaah,Bayda ,US air or drone strike,Confirmed,1,1,1,1,2,2,0,0,0,0,0,0,https://www.thebureauinvestigates.com/2016/01/18/yemen-reported-us-covert-actions-2016/#YEM255,,256
YEM256,08/01/2017,Unknown,Bayda,US air or drone strike,Confirmed,1,1,1,1,1,1,0,0,0,0,0,0,https://www.thebureauinvestigates.com/2017/01/13/yemen-reported-us-covert-actions-2017/#YEM256,https://www.thebureauinvestigates.com/2017/01/13/yemen-reported-us-covert-actions-2017/#,257
YEM257,20/01/2017,Unknown,Bayda,US air or drone strike,Confirmed,1,1,1,1,1,1,0,0,0,0,0,0,https://www.thebureauinvestigates.com/2017/01/13/yemen-reported-us-covert-actions-2017/#YEM257,,258
YEM258,21/01/2017,Unknown,Bayda,US air or drone strike,Confirmed,1,1,1,2,3,6,0,0,0,0,0,0,https://www.thebureauinvestigates.com/2017/01/13/yemen-reported-us-covert-actions-2017/#YEM258,,289
YEM259,22/01/2017,Unknown,Bayda,US air or drone strike,Confirmed,1,1,1,2,1,3,0,0,0,0,0,0,https://www.thebureauinvestigates.com/2017/01/13/yemen-reported-us-covert-actions-2017/#YEM259,,290
YEM260,28/01/2017,Yakla,Bayda,"US air and ground operation
Special forces air assault and air support, possibly drone",Confirmed,0,0,1,1,39,39,25,25,10,10,7,7,https://www.thebureauinvestigates.com/2017/01/13/yemen-reported-us-covert-actions-2017/#YEM260,,259
YEM261,30/01/2017,Baihan,Shabwa,US air or drone strike,Confirmed,1,1,1,1,2,2,0,0,0,0,0,0,https://www.thebureauinvestigates.com/2017/01/13/yemen-reported-us-covert-actions-2017/#YEM261,,260
YEM262,02/03/2017,Unknown,Across central Yemen ,US air or drone strikes,Confirmed,1,0,25,25,2,12,0,0,0,0,0,0,https://www.thebureauinvestigates.com/2017/01/13/yemen-reported-us-covert-actions-2017/#YEM262,,264
YEM263,03/03/2017,Unknown,Yemen,US air or drone strikes,Confirmed,1,0,5,10,1,8,0,0,0,0,0,0,https://www.thebureauinvestigates.com/2017/01/13/yemen-reported-us-covert-actions-2017/#YEM263,,265
YEM264,04/03/2017,Ahwar,Abyan ,US air or drone strike,Confirmed,1,1,1,1,2,2,0,0,0,0,0,0,https://www.thebureauinvestigates.com/2017/01/13/yemen-reported-us-covert-actions-2017/#YEM264,,266
YEM265,06/03/2017,Unknown,Multiple provinces,US air or drone strikes,Confirmed,1,0,9,4,7,11,0,2,0,2,0,0,https://www.thebureauinvestigates.com/2017/01/13/yemen-reported-us-covert-actions-2017/#YEM265,,278
YEM266,31/03/2017,Unknown ,Unknown ,US air or drone strikes,Confirmed,1,0,10,10,0,0,0,0,0,0,0,0,https://www.thebureauinvestigates.com/2017/01/13/yemen-reported-us-covert-actions-2017/#YEM266,,279
YEM267,02/04/2017,Unknown ,Shabwah ,US air or drone strikes,Confirmed,1,0,20,20,0,0,0,0,0,0,0,0,https://www.thebureauinvestigates.com/2017/01/13/yemen-reported-us-covert-actions-2017/#YEM267,,280
YEM268,18/04/2017,Unknown ,Marib,US air or drone strike,Confirmed,1,1,1,1,3,4,0,0,0,0,0,0,https://www.thebureauinvestigates.com/2017/01/13/yemen-reported-us-covert-actions-2017/#YEM268,,282
YEM269,23/04/2017,al Said ,Shabwah ,US air or drone strike,Confirmed,1,1,1,1,3,8,3,8,0,0,0,0,https://www.thebureauinvestigates.com/2017/01/13/yemen-reported-us-covert-actions-2017/#YEM269,,283
YEM270,24/04/2017,Unknown ,Unknown ,US air or drone strike,Confirmed,1,0,8,8,0,0,0,0,0,0,0,0,https://www.thebureauinvestigates.com/2017/01/13/yemen-reported-us-covert-actions-2017/#YEM270,,284
YEM271,29/04/2017,Unknown ,Marib,US air or drone strike,Confirmed,1,1,1,1,4,5,0,0,0,0,0,0,https://www.thebureauinvestigates.com/2017/01/13/yemen-reported-us-covert-actions-2017/#YEM271,,285
YEM272,29/04/2017,Unknown ,Shabwah ,US air or drone strike,Confirmed,1,0,1,1,3,3,0,0,0,0,0,0,https://www.thebureauinvestigates.com/2017/01/13/yemen-reported-us-covert-actions-2017/#YEM272,,286
YEM273,23/05/2017,Al Sirim area,Marib,"US air and ground operation
Special forces raid with air strikes, possibly drone",Confirmed,0,0,1,1,7,12,5,5,0,1,5,6,https://www.thebureauinvestigates.com/2017/01/13/yemen-reported-us-covert-actions-2017/#YEM273,,287
YEM274,16/06/2017,Al Naqba,Shabwah,US air or drone strike,Confirmed,1,1,1,1,2,3,0,0,0,0,0,0,https://www.thebureauinvestigates.com/2017/01/13/yemen-reported-us-covert-actions-2017/#YEM274,,288
YEM275,01/07/2017,Al Wadei,Abyan,US air or drone strike,Confirmed,1,1,1,1,2,2,0,0,0,0,0,0,https://www.thebureauinvestigates.com/2017/01/13/yemen-reported-us-covert-actions-2017/#YEM275,,289
YEM276,13/08/2017,Marakishah ,Abyan,US air or drone strike,Confirmed,1,1,1,1,0,3,0,0,0,0,0,0,,,290
YEM277,09/09/2017,Unknown,Bayda ,US air or drone strike,Confirmed,1,0,3,3,2,7,0,0,0,0,0,0,,,291
YEM278,16/09/2017,Unknown,Unknown,US air or drone strike,Confirmed,1,0,8,6,0,0,0,0,0,0,0,0,,,292
YEM279,04/10/2017,Unknown,Bayda ,US air or drone strike,Confirmed,1,1,1,1,1,2,0,0,0,0,0,0,,,293
YEM280,08/10/2017,Raghwan ,Marib ,US air or drone strike,Confirmed,1,1,1,1,5,5,0,0,0,0,0,0,,,294
YEM281,16/10/2017,Unknown,Bayda ,US air or drone strike,Confirmed,1,0,2,2,50,50,0,0,0,0,0,0,,,295
YEM282,19/10/2017,Unknown,Bayda ,US air or drone strike,Confirmed,1,1,1,1,5,5,0,0,0,0,0,0,,,296
YEM283,19/10/2017,Unknown ,Unknown ,US air or drone strike,Confirmed,1,0,7,7,0,0,0,0,0,0,0,0,,,297
YEM284,25/10/2017,Unknown ,Bayda ,US air or drone strike,Confirmed,1,0,2,2,9,13,0,0,0,0,0,0,,,298
YEM285,02/11/2017,Al Wadi,Marib ,US air or drone strike,Confirmed,1,1,1,1,2,2,0,0,0,0,0,0,,,299
YEM286,10/11/2017,Unknown,Bayda,US air or drone strike,Confirmed,1,1,1,1,2,2,0,0,0,0,0,0,,,300
YEM287,11/11/2017,Unknown,Bayda,US air or drone strike,Confirmed,1,1,1,1,1,1,0,0,0,0,0,0,,,301
YEM288,12/11/2017,Unknown,Bayda,US air or drone strike,Confirmed,1,1,1,1,2,2,0,0,0,0,0,0,,,302
YEM289,19/11/2017,Unknown,Bayda,US air or drone strike,Confirmed,1,0,1,1,2,2,0,0,0,0,0,0,,,303
YEM290,20/11/2017,Unknown,Bayda,US air or drone strike,Confirmed,1,0,2,2,5,5,0,0,0,0,0,0,,,304
YEM291,23/11/2017,Unknown,Bayda,US air or drone strike,Confirmed,1,0,1,1,2,2,0,0,0,0,0,0,,,305
YEM292,25/11/2017,Unknown,Shabwah ,US air or drone strike,Confirmed,1,1,1,1,5,7,0,0,0,0,0,0,,,306
YEM293,26/11/2017,Qaifa ,Bayda,US air or drone strike,Confirmed,1,1,1,1,3,3,0,0,0,0,0,0,,,307
YEM294,15/12/2017,Unknown,Bayda,US air or drone strike,Confirmed,1,0,1,1,1,1,0,0,0,0,0,0,,,308
YEM295,19/12/2017,Unknown,Marib,US air or drone strike,Confirmed,1,0,1,1,1,1,0,0,0,0,0,0,,,309
YEM296,29/01/2018,Unknown,Unknown,US air or drone strike,Confirmed,1,0,10,10,0,0,0,0,0,0,0,0,,,310
YEM297,11/02/2018,Unknown,Bayda,US air or drone strike,Confirmed,1,1,1,1,6,6,0,0,0,0,0,0,,,311
YEM298,16/02/2018,Unknown,Bayda,US air or drone strike,Confirmed,1,1,1,1,2,3,0,0,0,0,0,0,,,312